emp_no,first_name,last_name,birth_date,from_date,to_date,title
10095,Hilari,Morton,03-01-65,10-03-94,01-01-99,Senior Staff
10122,Ohad,Esposito,19-01-65,06-08-98,01-01-99,Technique Leader
10291,Dipayan,Seghrouchni,23-01-65,30-03-87,01-01-99,Senior Staff
10476,Kokou,Iisaka,01-01-65,20-09-87,01-01-99,Senior Staff
10663,Teunis,Noriega,09-01-65,12-02-99,01-01-99,Technique Leader
10762,Lech,Himler,19-01-65,21-01-92,01-01-99,Senior Staff
10933,Juyoung,Seghrouchni,24-01-65,02-08-93,01-01-99,Senior Engineer
12155,Keiichiro,Glinert,21-01-65,16-09-93,01-01-99,Engineer
12408,Rasiah,Sudkamp,10-01-65,18-04-95,01-01-99,Senior Engineer
12643,Morrie,Schurmann,30-01-65,31-12-98,01-01-99,Staff
13499,Kazuhiko,Sidou,16-01-65,01-09-91,01-01-99,Technique Leader
14075,Denny,Tchuente,03-01-65,30-05-91,01-01-99,Assistant Engineer
14104,Sudhanshu,Demian,03-01-65,23-07-94,01-01-99,Senior Staff
14127,Magdalena,Cannard,10-01-65,22-04-94,01-01-99,Engineer
14158,Caolyn,Setiz,22-01-65,06-02-90,01-01-99,Senior Staff
14476,Sastry,Marrevee,19-01-65,25-09-99,01-01-99,Engineer
14907,Nakhoon,Luga,14-01-65,18-12-86,01-01-99,Senior Staff
15050,Nikolaos,Kruskal,18-01-65,17-12-90,01-01-99,Engineer
15058,Bouchung,Bugrara,30-01-65,18-06-90,01-01-99,Senior Staff
15413,Arvin,Rabejac,17-01-65,01-01-94,01-01-99,Engineer
16461,Remmert,Schahn,14-01-65,06-09-86,01-01-99,Senior Staff
16528,Gaurav,Swick,21-01-65,07-05-96,01-01-99,Engineer
17013,Morris,Garigliano,15-01-65,24-05-95,01-01-99,Staff
17206,Berry,DeMori,02-01-65,27-12-92,01-01-99,Engineer
17369,Yaghout,Kenevan,31-01-65,15-09-00,01-01-99,Engineer
17447,Zengping,Boreale,11-01-65,16-12-98,01-01-99,Staff
17731,Gennady,Roison,16-01-65,06-12-89,01-01-99,Assistant Engineer
17970,Filipp,Carrere,06-01-65,09-01-89,01-01-99,Technique Leader
17988,Mabhin,Calkin,31-01-65,30-11-89,01-01-99,Engineer
18021,Adil,Matzke,07-01-65,08-05-87,01-01-99,Engineer
18424,Filipp,Rousseau,19-01-65,07-06-95,01-01-99,Engineer
18583,Stafford,Honglei,03-01-65,16-08-98,01-01-99,Staff
18617,Surveyors,Crouzet,21-01-65,24-04-89,01-01-99,Staff
18810,Taiji,Jarecki,09-01-65,27-06-91,01-01-99,Engineer
19236,Elzbieta,Morris,24-01-65,12-07-88,01-01-99,Engineer
19350,Satoru,Yoshizawa,19-01-65,27-03-94,01-01-99,Senior Staff
19803,Ziva,Kowalchuk,30-01-65,13-06-87,01-01-99,Engineer
20100,Utz,Heuter,18-01-65,15-06-86,01-01-99,Staff
20128,Kazunori,Peak,23-01-65,13-08-99,01-01-99,Senior Staff
20129,Rafael,Skafidas,10-01-65,28-03-91,01-01-99,Engineer
20248,Vidar,Demri,12-01-65,31-12-99,01-01-99,Staff
20313,Candida,Benveniste,24-01-65,20-01-99,01-01-99,Engineer
20500,Christoph,Trystram,30-01-65,15-10-93,01-01-99,Staff
20885,Otmar,Rothenberg,21-01-65,14-03-89,01-01-99,Senior Engineer
21181,Jianhui,Cangellaris,21-01-65,06-10-91,01-01-99,Assistant Engineer
21188,Piyush,Danecki,21-01-65,08-01-00,01-01-99,Engineer
21546,Yongmin,Lanteri,01-01-65,19-03-02,01-01-99,Senior Staff
21843,Karsten,Azadmanesh,09-01-65,29-11-85,01-01-99,Senior Engineer
21909,Mohammed,Brizzi,04-01-65,28-12-91,01-01-99,Senior Staff
22185,Huai,Birch,29-01-65,12-06-02,01-01-99,Assistant Engineer
22415,Perla,Jumpertz,20-01-65,24-08-94,01-01-99,Senior Staff
22451,Jasminko,Bresenham,27-01-65,19-01-94,01-01-99,Senior Staff
22455,Barry,Unno,06-01-65,16-11-90,01-01-99,Senior Staff
22926,Manibrata,Genther,01-01-65,15-01-88,01-01-99,Engineer
23396,Hilari,Fairtlough,02-01-65,15-12-86,01-01-99,Technique Leader
24080,Jaana,Perez,26-01-65,11-03-96,01-01-99,Technique Leader
24205,Roddy,Rubsam,25-01-65,19-09-93,01-01-99,Senior Engineer
24377,Lubomir,Wroclawski,25-01-65,25-07-93,01-01-99,Senior Engineer
24394,Zhonghui,Conta,04-01-65,10-09-94,01-01-99,Staff
24553,Anwar,Passafiume,12-01-65,30-01-87,01-01-99,Staff
24571,Cordelia,Gischer,20-01-65,14-03-89,01-01-99,Senior Engineer
25488,Ingmar,Basawa,19-01-65,09-11-91,01-01-99,Senior Staff
26629,Nevin,Rodham,28-01-65,14-12-98,01-01-99,Senior Staff
26671,Jiakeng,Kalorkoti,21-01-65,25-12-94,01-01-99,Engineer
26788,Zongyan,Dalphin,25-01-65,23-04-88,01-01-99,Engineer
27331,Wanqing,Krohm,19-01-65,22-01-91,01-01-99,Senior Staff
27378,Piyawadee,Leppanen,28-01-65,25-02-99,01-01-99,Senior Staff
27620,Shuji,Kandlur,25-01-65,02-03-90,01-01-99,Engineer
27686,Manu,Rosiles,28-01-65,03-03-98,01-01-99,Senior Staff
27699,Falguni,Pezzoli,15-01-65,23-12-96,01-01-99,Engineer
27767,Tooru,Veldwijk,27-01-65,21-11-93,01-01-99,Senior Staff
28193,Xinglin,Mitsuhashi,29-01-65,14-12-88,01-01-99,Senior Engineer
28974,Chenxi,Sundgren,09-01-65,02-09-86,01-01-99,Senior Engineer
28988,Tua,Giveon,18-01-65,09-09-98,01-01-99,Technique Leader
29130,Xumin,Thorensen,06-01-65,26-04-98,01-01-99,Staff
29265,Gilbert,Calkin,14-01-65,21-03-88,01-01-99,Senior Staff
29380,Satoru,Vidal,30-01-65,02-05-98,01-01-99,Assistant Engineer
29418,Valery,Mersereau,22-01-65,01-07-98,01-01-99,Assistant Engineer
29679,Kolar,Steenbeek,17-01-65,18-10-86,01-01-99,Senior Engineer
29782,Jouko,Hellwagner,29-01-65,23-10-00,01-01-99,Senior Engineer
29954,Pranay,Giarratana,27-01-65,29-09-92,01-01-99,Senior Engineer
30007,Kousuke,Vecchio,24-01-65,23-02-90,01-01-99,Engineer
30035,Tetsushi,Conta,08-01-65,04-07-95,01-01-99,Senior Staff
30154,Mayuko,Skafidas,26-01-65,19-04-99,01-01-99,Technique Leader
30182,Leon,Potthoff,26-01-65,08-12-85,01-01-99,Engineer
30465,Randi,Avouris,28-01-65,16-07-86,01-01-99,Engineer
30484,Sailaja,Chvatal,11-01-65,18-05-99,01-01-99,Staff
30695,Gudjon,Majewski,08-01-65,26-10-99,01-01-99,Senior Engineer
30938,Yakkov,Samarati,06-01-65,10-10-97,01-01-99,Senior Staff
31147,Divine,Sidhu,04-01-65,05-07-89,01-01-99,Senior Staff
31188,Leandro,Gist,12-01-65,03-02-93,01-01-99,Technique Leader
31207,Abdelwaheb,Dulin,30-01-65,05-08-93,01-01-99,Senior Engineer
31341,Oksana,Zultner,01-01-65,23-03-91,01-01-99,Senior Staff
31514,Harngdar,Schapire,13-01-65,09-11-96,01-01-99,Engineer
31568,Mark,Lalonde,10-01-65,24-11-96,01-01-99,Staff
31909,Murthy,Peek,10-01-65,30-10-00,01-01-99,Engineer
32347,Terresa,Peres,08-01-65,15-09-90,01-01-99,Staff
32552,Atreye,Stanger,17-01-65,10-09-93,01-01-99,Assistant Engineer
32649,Ingmar,Nannarelli,12-01-65,10-06-88,01-01-99,Senior Staff
32714,Radoslaw,Maliniak,16-01-65,18-09-01,01-01-99,Staff
32844,Tadahiko,Melton,23-01-65,07-01-95,01-01-99,Engineer
33025,Jessie,Thorelli,12-01-65,16-12-99,01-01-99,Senior Staff
33215,Steen,Fasbender,29-01-65,14-02-93,01-01-99,Technique Leader
33722,Anwar,Collette,15-01-65,03-02-01,01-01-99,Senior Engineer
34077,Angel,Sichman,08-01-65,16-11-88,01-01-99,Senior Staff
34261,Kyoichi,Callaway,05-01-65,30-12-90,01-01-99,Senior Staff
34446,Chinhyun,Bauknecht,31-01-65,19-12-86,01-01-99,Senior Engineer
34452,Naftaly,Foong,08-01-65,10-05-91,01-01-99,Senior Engineer
34505,Felicidad,Kumaresan,28-01-65,06-09-94,01-01-99,Senior Staff
34533,Erzsebet,Shigei,10-01-65,16-01-95,01-01-99,Senior Engineer
34780,Moni,Kohling,16-01-65,18-09-01,01-01-99,Staff
34788,Ennio,Babu,27-01-65,31-08-94,01-01-99,Senior Engineer
34936,Bokyung,Stamatiou,12-01-65,12-02-91,01-01-99,Technique Leader
35044,Jiang,Waschkowski,04-01-65,27-05-89,01-01-99,Engineer
35087,Leif,Ashish,17-01-65,14-10-94,01-01-99,Senior Staff
35441,Chandrasekaran,Peek,31-01-65,17-09-90,01-01-99,Engineer
35642,Ashish,Talmon,30-01-65,28-02-99,01-01-99,Engineer
35793,Oscar,Kusalik,01-01-65,11-05-91,01-01-99,Senior Staff
35798,Ulf,Oberman,29-01-65,15-03-97,01-01-99,Senior Engineer
36521,Serif,Gladwell,21-01-65,06-03-87,01-01-99,Staff
36626,Fen,Genin,02-01-65,09-05-86,01-01-99,Senior Staff
36733,Uma,Reinhard,04-01-65,01-11-97,01-01-99,Staff
36844,Hailing,Levergood,01-01-65,12-01-00,01-01-99,Staff
36982,Kotesh,Rajala,22-01-65,23-06-92,01-01-99,Engineer
37070,Jeong,Undy,22-01-65,13-02-85,01-01-99,Staff
37945,Suzette,Butterworth,02-01-65,19-02-94,01-01-99,Senior Engineer
38043,Michaela,Randi,05-01-65,23-11-85,01-01-99,Engineer
38103,Masasuke,Babu,12-01-65,31-03-88,01-01-99,Senior Engineer
38168,Fumiko,Deverell,14-01-65,15-08-87,01-01-99,Senior Staff
38550,JoAnne,Baez,14-01-65,16-02-87,01-01-99,Senior Engineer
38593,Huei,Orsini,14-01-65,04-06-86,01-01-99,Senior Engineer
38947,Shuichi,Ruemmler,25-01-65,08-04-98,01-01-99,Staff
39000,Martijn,Vendrig,08-01-65,03-03-97,01-01-99,Senior Staff
39036,Changho,Cappelli,08-01-65,04-05-96,01-01-99,Staff
39301,Rimon,Kawashima,07-01-65,06-02-92,01-01-99,Staff
39341,Mahmut,Lampe,01-01-65,11-05-85,01-01-99,Senior Engineer
39952,Otmar,Sudbeck,02-01-65,22-07-98,01-01-99,Staff
40269,Toshiki,Ghazalie,10-01-65,05-12-91,01-01-99,Staff
40283,Sudhanshu,Boissier,07-01-65,11-05-85,01-01-99,Engineer
40301,Spyrose,Felder,20-01-65,20-10-97,01-01-99,Senior Engineer
40536,Harngdar,Bernardinello,20-01-65,29-02-88,01-01-99,Senior Engineer
40765,Michaela,Ramsak,01-01-65,21-12-92,01-01-99,Staff
40773,Shimshon,Aingworth,09-01-65,13-04-86,01-01-99,Staff
40983,Marla,Cherinka,17-01-65,01-12-86,01-01-99,Technique Leader
41114,Petter,Thummel,25-01-65,24-12-95,01-01-99,Technique Leader
41137,Bikash,Buchter,20-01-65,08-01-96,01-01-99,Senior Staff
41357,Willard,Vernadat,06-01-65,04-03-97,01-01-99,Engineer
41518,Keung,Schapiro,11-01-65,08-02-01,01-01-99,Senior Engineer
41520,Xiong,Uhrik,20-01-65,21-03-88,01-01-99,Senior Engineer
41609,Yucai,Simmen,04-01-65,13-10-87,01-01-99,Senior Staff
42778,Shuji,Remmers,19-01-65,18-12-87,01-01-99,Senior Staff
42911,Brigham,Eterovic,29-01-65,08-10-94,01-01-99,Engineer
42950,Shaleah,Eickenmeyer,22-01-65,09-10-93,01-01-99,Senior Staff
42955,Yucel,Lortz,12-01-65,21-02-95,01-01-99,Engineer
43154,Maha,Waterhouse,13-01-65,04-07-97,01-01-99,Staff
43733,Huei,Boguraev,26-01-65,31-12-93,01-01-99,Senior Staff
43848,Phillip,Oxenboll,11-01-65,26-05-99,01-01-99,Engineer
44054,Alenka,Ritcey,18-01-65,09-02-97,01-01-99,Engineer
44265,Maria,Eppinger,24-01-65,30-01-97,01-01-99,Engineer
44540,Mingzeng,Sadowski,16-01-65,12-11-89,01-01-99,Senior Engineer
44900,Mark,Schwaller,05-01-65,10-08-94,01-01-99,Senior Staff
44959,Volkmar,Uhrik,21-01-65,16-01-88,01-01-99,Senior Engineer
44962,Sariel,Wynblatt,16-01-65,18-05-96,01-01-99,Assistant Engineer
45162,Dulce,Speel,11-01-65,19-10-87,01-01-99,Engineer
46000,Zhaofang,Penn,26-01-65,24-07-97,01-01-99,Senior Staff
46328,Wuxu,Trogemann,05-01-65,27-01-97,01-01-99,Senior Staff
46811,Junsik,Berendt,10-01-65,27-04-88,01-01-99,Senior Engineer
46834,Tooru,Daescu,22-01-65,20-03-98,01-01-99,Senior Staff
46943,Pasqua,Maraist,31-01-65,06-12-93,01-01-99,Senior Engineer
47016,Toong,Litecky,03-01-65,01-03-89,01-01-99,Senior Staff
47139,Marco,Usdin,25-01-65,29-10-96,01-01-99,Engineer
47262,Gonzalo,Binkley,10-01-65,16-08-85,01-01-99,Engineer
47515,Naraig,Jenevein,26-01-65,18-01-87,01-01-99,Senior Engineer
47702,Juyoung,Vieri,21-01-65,12-08-91,01-01-99,Senior Staff
47708,Edwin,Haldar,05-01-65,12-07-95,01-01-99,Senior Staff
48275,Sariel,Massonet,29-01-65,20-11-87,01-01-99,Senior Staff
48690,Hitomi,Schaap,12-01-65,27-09-99,01-01-99,Staff
48882,Leen,Lamparter,28-01-65,07-06-93,01-01-99,Engineer
48904,Yuichiro,Malabarba,23-01-65,07-03-94,01-01-99,Senior Staff
48947,Filipp,Akaboshi,05-01-65,20-05-92,01-01-99,Senior Staff
49010,Kazuhisa,Benantar,16-01-65,30-03-90,01-01-99,Senior Staff
49017,Filipp,Flanders,07-01-65,26-11-90,01-01-99,Senior Engineer
49119,Lena,Peek,09-01-65,16-05-91,01-01-99,Engineer
49177,Tze,Bach,03-01-65,09-03-99,01-01-99,Engineer
49464,Siddarth,Cappelletti,14-01-65,10-09-99,01-01-99,Staff
49477,Baocai,Leaver,14-01-65,05-08-98,01-01-99,Senior Staff
50293,Xinan,Rindone,26-01-65,08-10-96,01-01-99,Engineer
50311,Mooi,Stafford,24-01-65,06-10-96,01-01-99,Senior Engineer
50453,Aron,Harbusch,12-01-65,02-10-97,01-01-99,Staff
50670,Boguslaw,Snedden,30-01-65,20-02-85,01-01-99,Senior Staff
50831,Marie,Khalid,06-01-65,11-06-96,01-01-99,Senior Engineer
51036,Chriss,Fasbender,29-01-65,23-05-95,01-01-99,Staff
51057,Theirry,Albarhamtoshy,29-01-65,27-09-91,01-01-99,Senior Staff
51060,Youngkon,Rohrbach,15-01-65,20-10-89,01-01-99,Senior Engineer
51142,Rosine,Lakshmanan,29-01-65,31-01-86,01-01-99,Engineer
52038,Chikako,Armand,13-01-65,18-05-85,01-01-99,Senior Engineer
52040,Phule,Heijenga,14-01-65,08-12-96,01-01-99,Staff
52283,Trygve,Krupka,20-01-65,11-03-94,01-01-99,Senior Staff
52386,Adas,Denti,28-01-65,30-05-86,01-01-99,Staff
52590,Jouni,Munoz,21-01-65,07-10-96,01-01-99,Senior Staff
52599,Augustine,Mungall,25-01-65,13-01-94,01-01-99,Engineer
52639,Arup,Colorni,09-01-65,05-02-96,01-01-99,Senior Staff
52770,Shugo,Yurek,31-01-65,28-08-92,01-01-99,Senior Staff
52778,Alain,Penn,15-01-65,03-05-86,01-01-99,Technique Leader
52956,Khalil,Picci,31-01-65,24-11-98,01-01-99,Engineer
52970,Lobel,Werthner,22-01-65,17-03-88,01-01-99,Engineer
53278,Premsyl,Lortz,31-01-65,01-02-93,01-01-99,Senior Staff
53314,Eberhardt,Carrera,06-01-65,23-02-99,01-01-99,Staff
53431,Sham,Vasanthakumar,12-01-65,24-05-93,01-01-99,Senior Staff
53499,Zdislav,Mandelberg,20-01-65,11-09-94,01-01-99,Senior Engineer
53597,Jiafu,Marchegay,30-01-65,02-03-85,01-01-99,Senior Engineer
53874,Bodo,Schade,23-01-65,14-02-86,01-01-99,Senior Staff
53924,Arnould,Gaughan,27-01-65,23-01-91,01-01-99,Engineer
54198,Shaowen,Segond,01-01-65,06-01-86,01-01-99,Engineer
54632,Etsuo,Serot,19-01-65,14-06-89,01-01-99,Senior Staff
54795,Sumant,Nergos,29-01-65,02-03-94,01-01-99,Senior Staff
54800,Breannda,Cangellaris,13-01-65,27-01-00,01-01-99,Staff
55640,Adit,Syrotiuk,25-01-65,16-07-93,01-01-99,Engineer
55687,Shih,Lindqvist,02-01-65,29-03-95,01-01-99,Senior Engineer
55799,Jianwen,Litzler,23-01-65,17-06-87,01-01-99,Senior Engineer
55857,Adin,Scallan,18-01-65,15-09-87,01-01-99,Senior Staff
56105,Makato,Remmers,11-01-65,16-04-89,01-01-99,Senior Engineer
56209,Remzi,Douceur,19-01-65,01-12-92,01-01-99,Senior Engineer
56415,Sigeru,Nivat,30-01-65,24-10-91,01-01-99,Senior Staff
56428,Olivera,Hanabata,27-01-65,10-11-86,01-01-99,Staff
56682,Roded,Picco,28-01-65,06-11-93,01-01-99,Assistant Engineer
56829,Nagui,Gruenwald,09-01-65,14-06-97,01-01-99,Engineer
56847,Menkae,Chinin,14-01-65,27-08-98,01-01-99,Senior Engineer
57934,Sanjoy,Boudaillier,25-01-65,27-12-89,01-01-99,Engineer
58141,Bezalel,Karner,05-01-65,27-09-94,01-01-99,Staff
58147,Shigenori,Sullins,09-01-65,24-02-88,01-01-99,Senior Staff
58384,Mariusz,Vural,22-01-65,14-11-93,01-01-99,Engineer
58454,Ziya,Zambonelli,25-01-65,29-06-99,01-01-99,Engineer
58497,Yechiam,Cairo,22-01-65,21-10-00,01-01-99,Senior Staff
58819,Gennady,Liesche,04-01-65,02-12-87,01-01-99,Senior Staff
58990,Palash,Trelles,04-01-65,18-11-98,01-01-99,Engineer
59195,Ronnie,Pollock,08-01-65,19-06-90,01-01-99,Technique Leader
59640,Zita,Hiltgen,18-01-65,26-01-99,01-01-99,Staff
59869,Zsolt,Riefers,01-02-65,25-09-87,01-01-99,Senior Staff
59966,Steen,Salvesen,28-01-65,03-02-93,01-01-99,Technique Leader
60000,Heekeun,Emmart,16-01-65,23-09-95,01-01-99,Engineer
60091,Surveyors,Bade,01-02-65,11-04-90,01-01-99,Senior Staff
60238,Erzsebet,Claffy,23-01-65,19-02-99,01-01-99,Staff
60559,Jeanna,Stemann,19-01-65,29-08-88,01-01-99,Engineer
60821,Moty,Mersereau,02-01-65,03-09-91,01-01-99,Senior Staff
60845,Bedir,Siegrist,14-01-65,13-05-97,01-01-99,Engineer
60875,Rildo,Masaki,21-01-65,14-01-90,01-01-99,Senior Engineer
60959,Tetsushi,Sridhar,09-01-65,19-10-89,01-01-99,Senior Staff
61147,Leszek,Werthner,30-01-65,03-03-99,01-01-99,Staff
61253,Cheong,Uhrik,09-01-65,09-05-02,01-01-99,Engineer
61377,Dannz,Ohori,01-01-65,13-04-97,01-01-99,Senior Staff
61541,Kasidit,Papsdorf,08-01-65,17-08-93,01-01-99,Senior Engineer
61873,Woody,Rusmann,19-01-65,26-02-93,01-01-99,Engineer
62033,Heeju,Cappelli,24-01-65,15-01-87,01-01-99,Engineer
62046,Karlis,Nanard,31-01-65,19-09-92,01-01-99,Senior Engineer
62245,Adel,Bressoud,01-01-65,30-08-95,01-01-99,Engineer
63294,Tetsushi,Tanemo,23-01-65,01-03-97,01-01-99,Senior Engineer
63419,Hiroyasu,Seuren,14-01-65,05-03-89,01-01-99,Senior Engineer
63441,Hinrich,Scallan,15-01-65,04-04-99,01-01-99,Staff
63566,Heekeun,Slaats,31-01-65,12-01-99,01-01-99,Senior Staff
63631,Falguni,Cherinka,22-01-65,15-10-87,01-01-99,Senior Engineer
63706,Sedat,Itzigehl,26-01-65,31-07-97,01-01-99,Engineer
64023,Laurentiu,Benzmuller,11-01-65,08-11-99,01-01-99,Senior Engineer
64209,Golgen,Schoegge,24-01-65,26-02-88,01-01-99,Senior Staff
64487,Tsutomu,Rebaine,27-01-65,17-09-86,01-01-99,Senior Engineer
64532,Atilio,Segond,23-01-65,29-11-90,01-01-99,Engineer
64632,Zsolt,Brender,07-01-65,21-02-96,01-01-99,Senior Staff
64790,Shin,Piveteau,29-01-65,19-04-85,01-01-99,Engineer
64828,Krister,Pappas,27-01-65,30-09-99,01-01-99,Staff
64984,Eldridge,Eldridge,06-01-65,04-08-94,01-01-99,Senior Engineer
65171,Jeane,Tasistro,25-01-65,06-07-94,01-01-99,Technique Leader
65539,Aksel,Picaronny,23-01-65,27-01-91,01-01-99,Engineer
65883,Patricia,Pepe,07-01-65,19-04-91,01-01-99,Senior Staff
65998,Mandell,Alameldin,09-01-65,08-04-89,01-01-99,Senior Staff
66382,Domenico,Candan,04-01-65,13-07-97,01-01-99,Engineer
66530,Dung,Leaver,29-01-65,04-04-98,01-01-99,Staff
66643,Jianhao,Tomescu,18-01-65,26-08-96,01-01-99,Engineer
66702,Deniz,Thibadeau,01-02-65,27-09-94,01-01-99,Engineer
66757,Yonghong,Baig,16-01-65,10-04-99,01-01-99,Staff
66807,Aiman,Rosaz,21-01-65,22-05-90,01-01-99,Engineer
67320,Sadok,Lorys,18-01-65,10-05-87,01-01-99,Senior Staff
67548,Fumitaka,Roohalamini,11-01-65,27-06-98,01-01-99,Staff
67934,Aiman,Gargeya,07-01-65,07-03-85,01-01-99,Engineer
68416,Munenori,Debuse,27-01-65,08-11-90,01-01-99,Senior Engineer
68608,Yucai,Seghrouchni,26-01-65,09-06-89,01-01-99,Engineer
68633,Chinhyun,Rassart,28-01-65,29-07-93,01-01-99,Senior Engineer
68648,Jaques,DiGiano,25-01-65,01-04-92,01-01-99,Technique Leader
69052,Shietung,Shrader,26-01-65,05-08-95,01-01-99,Senior Staff
69219,Shuky,Redmiles,09-01-65,19-11-94,01-01-99,Senior Staff
69867,Miyeon,Rothe,22-01-65,09-04-91,01-01-99,Staff
69878,Chinya,Cooke,24-01-65,29-01-97,01-01-99,Engineer
69936,Lalit,Unni,23-01-65,31-01-99,01-01-99,Assistant Engineer
70469,Tru,Miyakawa,12-01-65,03-09-90,01-01-99,Senior Staff
70990,Arumugam,Nitta,22-01-65,23-03-90,01-01-99,Senior Engineer
71066,Domenick,Basart,27-01-65,05-01-96,01-01-99,Staff
71141,Sajjad,Vitiello,02-01-65,17-02-92,01-01-99,Staff
71188,Pranjal,Schapiro,02-01-65,14-12-86,01-01-99,Staff
71243,Kinh,Buchter,10-01-65,29-03-86,01-01-99,Engineer
71334,Cathie,Peck,15-01-65,04-03-01,01-01-99,Senior Engineer
71685,Kristinn,Olano,01-01-65,03-10-89,01-01-99,Senior Engineer
71710,Hitomi,Takanami,31-01-65,15-12-97,01-01-99,Assistant Engineer
71745,Adil,Laventhal,02-01-65,13-05-92,01-01-99,Engineer
72190,Sajjad,Waeselynck,19-01-65,13-09-99,01-01-99,Engineer
72194,Feiyu,Siepmann,26-01-65,01-10-98,01-01-99,Senior Engineer
72232,Naraig,Veldwijk,10-01-65,10-07-89,01-01-99,Senior Engineer
72640,Honglan,Hutton,24-01-65,04-10-93,01-01-99,Senior Engineer
72918,Takahira,Szilard,22-01-65,16-01-88,01-01-99,Staff
73076,Froduald,Feldhoffer,22-01-65,16-03-93,01-01-99,Senior Engineer
73233,Shigeo,Merey,15-01-65,30-07-85,01-01-99,Senior Engineer
73516,Qingxiang,Badache,14-01-65,25-06-89,01-01-99,Senior Engineer
73743,Anneke,Bernardeschi,15-01-65,15-10-00,01-01-99,Engineer
74200,Holgard,Weiland,16-01-65,24-09-91,01-01-99,Senior Engineer
74344,Hiroyasu,Provine,01-02-65,25-11-94,01-01-99,Engineer
74668,Masako,Bonifati,01-01-65,09-04-87,01-01-99,Senior Staff
74800,Yuuichi,Conde,25-01-65,08-03-89,01-01-99,Engineer
75354,Shuky,Jakobus,11-01-65,16-06-86,01-01-99,Engineer
75703,Kyoichi,Erman,08-01-65,25-07-96,01-01-99,Engineer
76189,Kolar,Hinsberger,02-01-65,20-10-86,01-01-99,Engineer
76201,Arif,Preusig,10-01-65,02-04-92,01-01-99,Senior Engineer
76640,Tristan,Mitsuhashi,02-01-65,13-07-94,01-01-99,Engineer
77030,Faiza,Garnham,02-01-65,02-03-86,01-01-99,Technique Leader
77303,Xinglin,Birge,18-01-65,05-03-92,01-01-99,Staff
77647,Niranjan,Schaaf,07-01-65,05-11-89,01-01-99,Technique Leader
77815,Ronghao,Picaronny,21-01-65,09-06-93,01-01-99,Assistant Engineer
78106,Ashish,Ratnaker,09-01-65,17-01-00,01-01-99,Senior Staff
78363,Susumu,Fritzsche,03-01-65,23-06-98,01-01-99,Engineer
78469,Leucio,Cappelli,28-01-65,22-08-97,01-01-99,Staff
78871,Conor,Ghandeharizadeh,15-01-65,25-05-85,01-01-99,Senior Engineer
79043,Katsuo,Hockney,24-01-65,07-11-99,01-01-99,Technique Leader
79171,Guiseppe,Ellozy,19-01-65,12-01-91,01-01-99,Senior Engineer
79310,Jeong,Cunliffe,24-01-65,27-10-96,01-01-99,Senior Staff
79606,Arnd,Peir,03-01-65,11-12-86,01-01-99,Senior Engineer
79763,Sanjoy,Barreiro,20-01-65,09-04-88,01-01-99,Senior Staff
79895,Fei,Murtagh,30-01-65,19-01-86,01-01-99,Senior Staff
80067,Kazuhisa,Weiland,19-01-65,09-11-85,01-01-99,Staff
80203,Shakhar,Baik,22-01-65,01-12-93,01-01-99,Staff
80432,Stella,Figueira,17-01-65,14-03-90,01-01-99,Senior Staff
80731,Shaowen,Eldridge,25-01-65,05-12-87,01-01-99,Senior Staff
80850,Koldo,Luit,01-02-65,16-04-95,01-01-99,Engineer
80889,Shigeo,Linnainmaa,07-01-65,30-07-85,01-01-99,Senior Engineer
80948,Harjit,Bardell,27-01-65,24-05-91,01-01-99,Senior Engineer
81105,Jaewon,Boissier,14-01-65,24-05-92,01-01-99,Engineer
81545,Larisa,Kornyak,13-01-65,07-02-00,01-01-99,Technique Leader
81644,Divine,Ghandeharizadeh,05-01-65,28-11-97,01-01-99,Staff
81995,Sreekrishna,Brender,10-01-65,22-03-90,01-01-99,Engineer
82069,Yechezkel,Perfilyeva,20-01-65,03-11-94,01-01-99,Engineer
82098,Poornachandra,Wilharm,25-01-65,20-04-91,01-01-99,Engineer
82351,Stevo,Thambidurai,26-01-65,27-10-89,01-01-99,Senior Staff
82511,Uwe,Koblick,27-01-65,04-04-98,01-01-99,Engineer
82919,Shigeu,Claffy,05-01-65,19-12-98,01-01-99,Engineer
82928,Alselm,Rikino,27-01-65,16-11-90,01-01-99,Engineer
83280,Francesca,Ellozy,07-01-65,08-08-99,01-01-99,Senior Engineer
83289,Shigeichiro,Engelmann,09-01-65,09-01-94,01-01-99,Engineer
83509,Breannda,Collavizza,04-01-65,12-10-89,01-01-99,Engineer
83544,Leaf,Baak,18-01-65,05-09-94,01-01-99,Senior Staff
83714,Ohad,Kilgore,27-01-65,10-10-00,01-01-99,Senior Engineer
83805,Manohar,Harllee,23-01-65,11-03-87,01-01-99,Senior Engineer
83941,Zsolt,Hagimont,11-01-65,08-10-96,01-01-99,Staff
84029,Babette,Eugenio,27-01-65,21-09-97,01-01-99,Staff
84179,Shuichi,Nanard,25-01-65,14-03-89,01-01-99,Senior Engineer
84236,Eberhardt,Barriga,18-01-65,04-06-87,01-01-99,Staff
84315,Kristina,Baumann,23-01-65,26-09-96,01-01-99,Assistant Engineer
84451,Shiv,Aumann,20-01-65,14-06-98,01-01-99,Senior Engineer
84508,Tommaso,Vidya,17-01-65,02-05-98,01-01-99,Engineer
84840,Sverrir,Neimat,14-01-65,03-11-96,01-01-99,Staff
84922,Parke,Unno,22-01-65,01-07-96,01-01-99,Engineer
84942,Shin,Fujisaki,15-01-65,23-02-88,01-01-99,Technique Leader
85216,Ferdinand,Rosiles,18-01-65,08-07-97,01-01-99,Senior Staff
85288,Younwoo,Luders,06-01-65,08-12-98,01-01-99,Engineer
85414,Chiradeep,Callaway,14-01-65,30-07-99,01-01-99,Staff
85445,Yongdong,Pollock,09-01-65,17-03-98,01-01-99,Staff
85702,Udi,Merks,04-01-65,15-08-97,01-01-99,Engineer
85874,Pasqua,Taubman,30-01-65,23-06-86,01-01-99,Senior Staff
86213,Kristine,Clemencon,28-01-65,01-06-93,01-01-99,Senior Staff
86354,Ronghao,Segond,27-01-65,13-09-93,01-01-99,Senior Engineer
86422,Jaewon,Thummel,01-02-65,14-09-85,01-01-99,Senior Staff
86546,Oldrich,Woycyznski,09-01-65,15-05-85,01-01-99,Engineer
86655,Zhenhua,Lorys,01-01-65,21-08-95,01-01-99,Engineer
86672,JoAnne,Anido,15-01-65,15-09-95,01-01-99,Staff
87129,Keung,Neiman,16-01-65,13-04-97,01-01-99,Staff
87353,Quingbo,Coombs,07-01-65,17-01-99,01-01-99,Senior Engineer
87714,Khun,Janetzko,16-01-65,13-09-89,01-01-99,Assistant Engineer
87729,Yongmin,Roccetti,24-01-65,10-12-86,01-01-99,Senior Staff
87783,Conor,Thorensen,26-01-65,24-02-88,01-01-99,Senior Engineer
88103,Goo,Bresenham,09-01-65,31-01-99,01-01-99,Senior Staff
88411,Lena,Cannane,31-01-65,28-01-00,01-01-99,Engineer
88422,Jungsoon,Birsak,28-01-65,03-04-85,01-01-99,Technique Leader
88647,Vasiliy,Ratnaker,10-01-65,09-08-95,01-01-99,Engineer
88958,Vojin,Coombs,22-01-65,23-07-95,01-01-99,Senior Staff
88965,Mang,Hedayat,20-01-65,22-05-95,01-01-99,Engineer
89048,Otmar,Birjandi,24-01-65,23-03-85,01-01-99,Engineer
89090,Tetsushi,Theuretzbacher,26-01-65,01-02-90,01-01-99,Staff
89161,Conal,Yetto,07-01-65,12-01-91,01-01-99,Staff
89207,Along,Erol,15-01-65,16-10-92,01-01-99,Staff
89346,Mansur,Comyn,13-01-65,31-08-99,01-01-99,Engineer
89590,Guther,Rothenberg,27-01-65,08-08-91,01-01-99,Senior Staff
89664,Pranjal,Rossi,20-01-65,07-07-98,01-01-99,Staff
89680,Aiman,Mawatari,27-01-65,01-05-88,01-01-99,Engineer
89806,Xiadong,Shinomoto,27-01-65,24-05-97,01-01-99,Senior Engineer
89922,Alexius,Ibel,26-01-65,24-04-88,01-01-99,Senior Engineer
89941,Arnould,Weedman,23-01-65,28-07-89,01-01-99,Senior Staff
90077,Vivian,Guerreiro,24-01-65,08-07-91,01-01-99,Engineer
90084,Renny,Bale,01-01-65,22-11-89,01-01-99,Engineer
90211,Bader,Denis,15-01-65,06-10-97,01-01-99,Engineer
90292,Koichi,Assaf,09-01-65,26-05-90,01-01-99,Engineer
90518,Fumiko,Chepyzhov,24-01-65,28-01-88,01-01-99,Staff
90614,Yonghoan,Trogemann,29-01-65,23-09-88,01-01-99,Assistant Engineer
90692,Rajmohan,DasSarma,03-01-65,14-09-85,01-01-99,Senior Staff
91172,Kazuhisa,Melter,19-01-65,16-07-87,01-01-99,Staff
91182,Lucien,Schwartzburd,04-01-65,25-08-88,01-01-99,Engineer
91229,Yahiko,Hebden,01-01-65,03-10-96,01-01-99,Senior Engineer
91256,Gunilla,Milicic,13-01-65,09-01-98,01-01-99,Staff
91333,Lobel,Stafford,27-01-65,29-11-98,01-01-99,Staff
91415,Jamaludin,Nilsson,04-01-65,15-01-87,01-01-99,Senior Staff
91648,Dmitry,Msuda,29-01-65,22-10-88,01-01-99,Senior Staff
92438,Aria,Kilgore,04-01-65,11-04-92,01-01-99,Engineer
92454,Visit,McFarlan,24-01-65,22-10-87,01-01-99,Senior Engineer
92577,Zhanqiu,Farrow,06-01-65,10-01-99,01-01-99,Assistant Engineer
92598,Ranga,Merro,18-01-65,11-05-96,01-01-99,Assistant Engineer
92685,Mang,Atchley,26-01-65,07-06-95,01-01-99,Senior Staff
92841,Claude,Candan,22-01-65,04-08-93,01-01-99,Senior Staff
92846,Anyuan,Kropatsch,11-01-65,05-09-86,01-01-99,Senior Staff
92920,Huei,Hutter,20-01-65,28-01-93,01-01-99,Senior Engineer
93040,Jaques,Kabayashi,19-01-65,13-03-92,01-01-99,Senior Engineer
93220,Richara,Walston,11-01-65,27-08-96,01-01-99,Senior Engineer
93278,Magdalena,Penn,01-02-65,04-01-97,01-01-99,Engineer
93549,Arie,Coullard,01-02-65,28-03-00,01-01-99,Staff
93600,Kristina,Neimat,13-01-65,18-04-88,01-01-99,Technique Leader
94331,Ramzi,Cronau,26-01-65,03-09-99,01-01-99,Technique Leader
94416,Aran,Cesareni,01-01-65,20-11-01,01-01-99,Senior Staff
94761,Hitofumi,Zaccaria,27-01-65,22-11-88,01-01-99,Engineer
94944,Heping,Matheson,13-01-65,24-06-88,01-01-99,Engineer
95181,Yishai,Cappelli,28-01-65,30-01-97,01-01-99,Staff
95286,Kristin,Guerreiro,18-01-65,23-08-89,01-01-99,Senior Engineer
95314,Rasiah,Koblick,22-01-65,21-08-91,01-01-99,Staff
95406,Alair,Lyonns,08-01-65,12-07-97,01-01-99,Engineer
95416,Gianluca,Ramaiah,13-01-65,29-11-93,01-01-99,Engineer
95509,Kristinn,Loncour,11-01-65,08-02-95,01-01-99,Engineer
95920,Nobuyoshi,Hegner,19-01-65,07-09-94,01-01-99,Senior Staff
96571,Kokou,Garrabrants,13-01-65,05-11-97,01-01-99,Senior Engineer
96579,Mohan,Tasistro,18-01-65,10-02-96,01-01-99,Engineer
96767,Arumugam,Vecchio,07-01-65,14-08-85,01-01-99,Engineer
97018,Jeanna,Chinen,09-01-65,01-01-89,01-01-99,Engineer
97623,Haldon,Janetzko,25-01-65,11-09-90,01-01-99,Senior Staff
97661,Avishai,Hegner,31-01-65,08-05-93,01-01-99,Senior Staff
98288,Sumali,Huttel,12-01-65,12-09-89,01-01-99,Staff
98306,Ziya,Kadhim,16-01-65,24-06-99,01-01-99,Senior Engineer
98639,Florina,Assaf,29-01-65,18-05-96,01-01-99,Staff
99057,Shugo,Reeken,30-01-65,21-06-99,01-01-99,Staff
99373,Xiaobin,Christianini,13-01-65,25-12-85,01-01-99,Senior Staff
99377,Carrsten,Francisci,18-01-65,16-06-91,01-01-99,Senior Engineer
99590,Dhritiman,Anily,24-01-65,16-12-98,01-01-99,Staff
99654,Mahendra,Motley,30-01-65,28-09-85,01-01-99,Senior Staff
100865,Hisao,Peral,19-01-65,03-10-90,01-01-99,Engineer
100916,Heejo,Aamodt,18-01-65,22-04-92,01-01-99,Senior Engineer
101487,Abdelaziz,Sury,14-01-65,31-01-91,01-01-99,Staff
101647,Mori,Homond,22-01-65,10-05-94,01-01-99,Senior Staff
101902,Mantis,Millington,14-01-65,18-03-91,01-01-99,Senior Staff
102620,Adin,Templeman,03-01-65,12-08-99,01-01-99,Engineer
103196,Djenana,Albarhamtoshy,16-01-65,16-07-88,01-01-99,Senior Staff
103310,Visit,Swen,07-01-65,02-10-95,01-01-99,Senior Staff
103316,Susanne,Peternell,03-01-65,27-07-94,01-01-99,Engineer
103342,Beshir,Hellwagner,03-01-65,03-02-98,01-01-99,Engineer
103756,Heping,Halloran,31-01-65,08-04-92,01-01-99,Engineer
104133,Pranjal,Zyda,31-01-65,03-07-91,01-01-99,Senior Staff
104845,Werner,Lodder,29-01-65,17-06-92,01-01-99,Staff
104988,Parviz,Litzler,07-01-65,08-08-92,01-01-99,Engineer
105342,Kwun,Reeker,01-01-65,29-07-99,01-01-99,Technique Leader
105356,Diederik,Matzov,29-01-65,08-03-95,01-01-99,Senior Engineer
105432,Mohamadou,Stafford,08-01-65,12-09-95,01-01-99,Engineer
105520,Haldun,Lienhardt,01-01-65,29-01-87,01-01-99,Senior Staff
105731,Sachem,Cromarty,15-01-65,20-08-90,01-01-99,Assistant Engineer
106096,Naftali,Schurmann,14-01-65,02-12-92,01-01-99,Engineer
106242,Nevio,Thisen,01-02-65,25-03-88,01-01-99,Senior Staff
106695,Lijie,Garrabrants,31-01-65,26-10-88,01-01-99,Staff
106710,Babette,Anandan,31-01-65,22-11-86,01-01-99,Senior Staff
107486,Siamak,Luiz,23-01-65,11-02-87,01-01-99,Senior Engineer
107737,Fabrizio,Chleq,23-01-65,31-07-99,01-01-99,Senior Engineer
107792,Shahab,Crooks,13-01-65,18-03-92,01-01-99,Senior Staff
107828,Ramya,Walston,26-01-65,03-02-89,01-01-99,Staff
108091,Hisao,Ghemri,09-01-65,14-11-85,01-01-99,Staff
108198,Randi,Samarati,24-01-65,20-10-92,01-01-99,Senior Staff
108316,Shai,Stellhorn,02-01-65,21-05-92,01-01-99,Senior Engineer
108988,Oksana,Baek,19-01-65,20-07-89,01-01-99,Senior Staff
109062,Jamaludin,Kandlur,01-02-65,19-06-92,01-01-99,Senior Engineer
109211,Gor,Delgrande,11-01-65,18-06-02,01-01-99,Engineer
109252,Moty,Winter,15-01-65,28-04-91,01-01-99,Technique Leader
109278,Bangqing,Schach,21-01-65,22-03-88,01-01-99,Senior Staff
109552,Menkae,Etalle,31-01-65,21-05-97,01-01-99,Engineer
109598,Stamatina,Auyong,01-02-65,05-07-88,01-01-99,Senior Staff
109620,Mani,Cannata,02-01-65,21-06-89,01-01-99,Senior Staff
109703,Arco,Walston,17-01-65,16-08-99,01-01-99,Engineer
109741,Hatem,Fadgyas,11-01-65,13-11-91,01-01-99,Senior Engineer
109953,Godehard,Chorvat,26-01-65,10-04-88,01-01-99,Staff
200267,Chuanti,Luff,08-01-65,21-09-94,01-01-99,Staff
200312,Akemi,Fujisaki,27-01-65,13-11-01,01-01-99,Senior Engineer
200363,Kirk,Quaggetto,10-01-65,30-06-87,01-01-99,Senior Engineer
200735,Dinah,Denos,09-01-65,21-09-92,01-01-99,Senior Staff
200789,Susumu,Camurati,14-01-65,15-12-91,01-01-99,Senior Staff
201229,Alejandra,Khasidashvili,03-01-65,30-07-94,01-01-99,Staff
201708,Anneli,Perl,15-01-65,08-09-92,01-01-99,Staff
201709,Fan,Kakkad,01-01-65,25-02-88,01-01-99,Staff
201739,Genta,Terekhov,16-01-65,21-07-98,01-01-99,Assistant Engineer
201801,Waiman,Genin,12-01-65,30-10-88,01-01-99,Senior Engineer
201915,Sudharsan,DeMori,02-01-65,30-03-92,01-01-99,Engineer
202291,Ortrun,Schmiedel,16-01-65,18-07-97,01-01-99,Engineer
202403,Gully,Perko,09-01-65,07-07-99,01-01-99,Engineer
202414,Zvonko,Murthy,13-01-65,07-01-92,01-01-99,Senior Staff
202552,Morris,Saoudi,05-01-65,22-11-91,01-01-99,Engineer
202826,Kerhong,Matzke,19-01-65,14-11-86,01-01-99,Engineer
202882,Isaac,Koshino,25-01-65,28-09-95,01-01-99,Senior Engineer
202950,Giordano,Pietrzykowski,17-01-65,26-03-87,01-01-99,Senior Staff
203474,Hugh,Jonsson,03-01-65,06-07-91,01-01-99,Senior Staff
203495,Zongyan,Gips,02-01-65,31-05-97,01-01-99,Technique Leader
203599,Ewing,DiGiano,21-01-65,01-02-00,01-01-99,Technique Leader
203720,Sasan,Thimonier,30-01-65,21-08-96,01-01-99,Senior Staff
203946,Yefim,Marwedel,23-01-65,30-03-93,01-01-99,Senior Staff
204117,Jessie,Nooteboom,10-01-65,13-12-00,01-01-99,Staff
204133,Susuma,Bergere,22-01-65,25-02-96,01-01-99,Senior Staff
204246,Arve,Worfolk,09-01-65,01-04-85,01-01-99,Senior Staff
204425,Gretta,Huttel,03-01-65,08-10-90,01-01-99,Senior Engineer
204470,Hein,Lichtner,22-01-65,02-05-98,01-01-99,Staff
204471,Franziska,Maginnis,27-01-65,17-02-86,01-01-99,Engineer
204764,Susanne,Mandelberg,22-01-65,02-11-90,01-01-99,Engineer
205018,Yahiko,Awdeh,26-01-65,05-08-98,01-01-99,Engineer
205085,Moni,Kornyak,23-01-65,26-09-91,01-01-99,Technique Leader
205174,Leszek,Spinelli,05-01-65,10-12-98,01-01-99,Staff
205500,Mary,Setiz,04-01-65,13-01-89,01-01-99,Senior Engineer
205627,Stabislas,Broder,21-01-65,16-07-96,01-01-99,Engineer
205660,Kien,Barreiro,27-01-65,24-10-00,01-01-99,Staff
205699,Youjian,Yetto,31-01-65,07-12-94,01-01-99,Staff
205789,Limsoon,Skafidas,31-01-65,10-08-99,01-01-99,Senior Staff
205863,Aiichiro,Kusalik,06-01-65,04-10-90,01-01-99,Senior Engineer
206748,Yucai,Fabrizio,07-01-65,06-10-99,01-01-99,Staff
206836,Guadalupe,Pfau,12-01-65,22-03-93,01-01-99,Senior Staff
206966,Tzu,Sichman,21-01-65,17-11-87,01-01-99,Senior Engineer
207021,Jacqueline,Akaboshi,20-01-65,06-12-97,01-01-99,Engineer
207068,Zhiguo,Ariola,13-01-65,07-09-94,01-01-99,Senior Staff
207204,Kellie,Schrooten,25-01-65,17-01-91,01-01-99,Engineer
207401,Shuji,Barbanera,04-01-65,10-08-87,01-01-99,Senior Staff
207551,Baziley,Falck,15-01-65,18-02-95,01-01-99,Assistant Engineer
207779,Chinya,Kamble,16-01-65,31-05-92,01-01-99,Senior Staff
207980,Remko,Vieth,07-01-65,22-11-90,01-01-99,Senior Staff
208147,Manu,Rothenberg,09-01-65,06-12-88,01-01-99,Engineer
208330,Shen,Flanders,11-01-65,03-07-89,01-01-99,Staff
208639,Larisa,Lukaszewicz,27-01-65,30-10-96,01-01-99,Senior Staff
208653,Phillip,Schade,23-01-65,03-03-89,01-01-99,Senior Engineer
208784,Pranjal,Juneja,30-01-65,21-03-85,01-01-99,Senior Engineer
209101,Xinyu,Edelhoff,05-01-65,26-10-97,01-01-99,Senior Engineer
209443,Krassimir,Garnier,19-01-65,26-01-98,01-01-99,Senior Staff
209565,Dante,Covnot,09-01-65,28-05-89,01-01-99,Senior Staff
209712,Nimmagadda,Baak,17-01-65,30-10-87,01-01-99,Assistant Engineer
210017,Shalesh,Lovengreen,28-01-65,29-09-90,01-01-99,Staff
210292,Lihong,Zeilberger,18-01-65,28-04-96,01-01-99,Staff
210449,Gino,Lagarias,19-01-65,22-06-97,01-01-99,Engineer
210752,Saniya,Stenning,25-01-65,10-12-86,01-01-99,Senior Staff
210786,Werner,Ranze,31-01-65,05-06-98,01-01-99,Staff
211858,Domenico,Ratnaker,08-01-65,24-03-85,01-01-99,Engineer
211879,Gao,Ranze,12-01-65,24-11-94,01-01-99,Senior Engineer
211967,Anwar,Bain,07-01-65,22-01-89,01-01-99,Engineer
212093,Leni,Henders,11-01-65,19-11-93,01-01-99,Senior Staff
212154,Sailaja,Holburn,17-01-65,04-03-91,01-01-99,Senior Staff
212361,Claudi,Stanfel,16-01-65,07-01-96,01-01-99,Senior Engineer
213016,Yongmao,Fontan,22-01-65,26-07-93,01-01-99,Senior Engineer
213140,Tru,Danecki,10-01-65,31-03-97,01-01-99,Staff
213384,Pranas,Narwekar,04-01-65,26-09-85,01-01-99,Engineer
213447,Armond,Perly,01-02-65,14-09-89,01-01-99,Engineer
214215,Xiaoqiang,Cardazo,25-01-65,28-05-93,01-01-99,Senior Staff
214391,Rayond,Klassen,15-01-65,11-09-93,01-01-99,Senior Staff
214427,Peer,Molberg,29-01-65,17-11-96,01-01-99,Engineer
214539,Ingmar,Kohling,27-01-65,25-04-95,01-01-99,Engineer
214634,Shirish,Vickson,12-01-65,24-10-89,01-01-99,Engineer
214789,Arfst,Chepyzhov,28-01-65,06-02-89,01-01-99,Engineer
214866,Gopalakrishnan,Angel,01-02-65,05-07-97,01-01-99,Senior Engineer
214995,Dinkar,Hoppenstand,12-01-65,04-05-94,01-01-99,Engineer
215419,Flemming,Kroha,16-01-65,23-01-95,01-01-99,Staff
215629,Munehiro,Manders,15-01-65,18-05-87,01-01-99,Senior Staff
215746,Sven,Speer,08-01-65,08-07-99,01-01-99,Staff
215843,Pramod,Loncour,30-01-65,31-03-87,01-01-99,Staff
216054,Sahrah,Angiulli,24-01-65,31-07-86,01-01-99,Staff
216342,Aiichiro,Cromarty,22-01-65,10-06-95,01-01-99,Senior Engineer
216375,Byong,Gustavson,16-01-65,12-03-85,01-01-99,Senior Engineer
216502,Xiaocheng,Suermann,26-01-65,15-12-97,01-01-99,Engineer
216573,Ashish,Vidya,29-01-65,16-06-89,01-01-99,Engineer
216921,Lena,Lenart,22-01-65,25-12-90,01-01-99,Senior Staff
217026,Otmar,Engberts,11-01-65,16-08-93,01-01-99,Senior Staff
217080,Masami,Puoti,12-01-65,21-01-00,01-01-99,Senior Engineer
217272,Yuchang,Eldridge,21-01-65,01-08-86,01-01-99,Senior Staff
217286,Yannik,Spelt,05-01-65,22-09-92,01-01-99,Technique Leader
217320,Abdelwaheb,Denis,10-01-65,10-09-93,01-01-99,Engineer
217363,Horward,Marzano,14-01-65,11-04-96,01-01-99,Staff
217387,Jianhao,Molenaar,21-01-65,22-10-87,01-01-99,Senior Engineer
217551,Panayotis,Lukaszewicz,02-01-65,06-06-89,01-01-99,Senior Engineer
217800,Shay,Servieres,01-02-65,06-08-98,01-01-99,Senior Staff
218022,Mokhtar,Poupard,26-01-65,02-02-92,01-01-99,Technique Leader
218100,Jiong,Garnham,24-01-65,02-01-90,01-01-99,Staff
218831,Unal,DuBourdieux,16-01-65,13-03-96,01-01-99,Engineer
219035,Kristine,Bierman,18-01-65,13-05-88,01-01-99,Technique Leader
219047,Aemilian,Kusalik,30-01-65,27-05-87,01-01-99,Senior Engineer
219052,Marsal,Acton,06-01-65,02-08-95,01-01-99,Staff
219417,Subhrajyoti,Denna,29-01-65,25-07-96,01-01-99,Staff
219497,Moie,Zastre,22-01-65,11-10-91,01-01-99,Technique Leader
219967,Susanna,Reeken,16-01-65,16-03-98,01-01-99,Senior Staff
220029,Demos,Asser,17-01-65,04-11-85,01-01-99,Senior Engineer
220131,Reinhard,Slaats,09-01-65,08-06-94,01-01-99,Engineer
220418,Poorav,Laventhal,23-01-65,16-08-97,01-01-99,Staff
220528,Sibyl,Rabehasaina,06-01-65,23-02-98,01-01-99,Senior Staff
220582,Poornachandra,Zielinski,08-01-65,13-02-96,01-01-99,Senior Staff
220611,Yuping,Babb,23-01-65,31-01-95,01-01-99,Senior Staff
220625,Shigenori,Deville,25-01-65,24-12-92,01-01-99,Technique Leader
220699,Nahid,Gyimothy,07-01-65,18-08-95,01-01-99,Staff
220799,Perla,Orlowska,17-01-65,13-10-98,01-01-99,Senior Engineer
221126,Tesuya,dAstous,23-01-65,29-11-88,01-01-99,Engineer
221367,Saddek,Farris,13-01-65,06-11-90,01-01-99,Senior Staff
221369,Abdulah,Pocchiola,28-01-65,28-08-96,01-01-99,Engineer
221435,Djenana,Marrevee,06-01-65,06-02-94,01-01-99,Engineer
221973,Sangeeta,Kalefeld,17-01-65,06-06-90,01-01-99,Senior Staff
222206,Stein,Uludag,21-01-65,30-01-88,01-01-99,Senior Staff
222311,Miyeon,Billingsley,20-01-65,05-12-92,01-01-99,Senior Engineer
222319,Matt,Chvatal,20-01-65,09-11-94,01-01-99,Senior Engineer
222354,Valdiodio,Schlumberger,15-01-65,07-08-93,01-01-99,Assistant Engineer
222616,Badri,Schapire,01-02-65,19-01-98,01-01-99,Assistant Engineer
222770,Kazuhiko,Kushner,22-01-65,01-08-95,01-01-99,Senior Engineer
222878,Annemarie,Zallocco,10-01-65,01-12-96,01-01-99,Engineer
222926,Limsoon,Erol,10-01-65,31-12-97,01-01-99,Senior Engineer
222952,Gopalakrishnan,Suermann,28-01-65,30-04-91,01-01-99,Engineer
222998,Leaf,Awdeh,07-01-65,02-10-92,01-01-99,Senior Staff
223593,Hidefumi,Moehrke,20-01-65,04-03-98,01-01-99,Staff
223595,Chiranjit,Dredge,01-02-65,05-09-99,01-01-99,Technique Leader
224135,Annemarie,Bressoud,02-01-65,23-06-98,01-01-99,Engineer
224335,Perry,Chachaty,29-01-65,22-07-85,01-01-99,Engineer
224390,TRUE,Shobatake,24-01-65,17-05-96,01-01-99,Senior Staff
224934,George,Miake,05-01-65,02-01-88,01-01-99,Senior Staff
225438,Remmert,Quaggetto,14-01-65,28-04-92,01-01-99,Senior Staff
225601,Masasuke,Genin,13-01-65,25-06-94,01-01-99,Assistant Engineer
225788,Ipke,Kieras,08-01-65,18-12-95,01-01-99,Engineer
225867,Ramalingam,Remmele,26-01-65,03-09-99,01-01-99,Senior Engineer
225964,Mooi,Cooman,19-01-65,07-06-89,01-01-99,Engineer
226216,Giordano,Gini,28-01-65,14-08-93,01-01-99,Technique Leader
226227,Herbert,Erva,07-01-65,06-09-86,01-01-99,Engineer
227354,Gio,Murtha,12-01-65,11-11-86,01-01-99,Engineer
227476,Macha,Schnabel,11-01-65,11-05-88,01-01-99,Engineer
227681,Mikhail,Rousseau,30-01-65,30-11-98,01-01-99,Staff
227899,Garnik,Luce,23-01-65,15-09-98,01-01-99,Staff
227901,Francesca,Azuma,26-01-65,08-06-96,01-01-99,Staff
228098,IEEE,Kroll,18-01-65,17-02-98,01-01-99,Engineer
228248,Yuriy,Plump,09-01-65,08-09-88,01-01-99,Senior Staff
228554,Bilhanan,Brendel,03-01-65,23-12-90,01-01-99,Senior Staff
228766,Nahla,Smailagic,11-01-65,12-02-93,01-01-99,Engineer
229098,Berry,Yurek,08-01-65,16-08-95,01-01-99,Senior Staff
229220,Fabrizio,Lichtman,21-01-65,09-02-87,01-01-99,Senior Engineer
229248,Harjit,Terekhov,27-01-65,19-10-95,01-01-99,Staff
229386,Pohua,Tasistro,03-01-65,04-11-94,01-01-99,Technique Leader
229391,Paloma,Henseler,15-01-65,11-06-91,01-01-99,Engineer
229404,Gilbert,Kilgour,11-01-65,05-04-96,01-01-99,Staff
229547,Moni,Schach,03-01-65,04-07-86,01-01-99,Senior Staff
229727,Ewing,Millington,23-01-65,28-09-99,01-01-99,Engineer
229981,Jamaludin,Fordan,19-01-65,06-02-92,01-01-99,Engineer
230002,Tadahiro,Backhouse,07-01-65,02-10-91,01-01-99,Senior Engineer
230126,Bezalel,Radivojevic,31-01-65,02-07-88,01-01-99,Senior Staff
230287,Renny,Alameldin,14-01-65,28-09-97,01-01-99,Assistant Engineer
230354,Yinghua,Lorho,31-01-65,09-08-91,01-01-99,Senior Staff
230498,Kolar,Puppo,15-01-65,25-04-90,01-01-99,Engineer
230579,Shahar,Negoita,17-01-65,19-03-94,01-01-99,Senior Staff
230689,Dietrich,Crabtree,14-01-65,24-05-86,01-01-99,Senior Staff
230865,Takushi,Brattka,02-01-65,03-06-99,01-01-99,Staff
231069,Trygve,Siksek,22-01-65,09-11-95,01-01-99,Staff
231459,Nectarios,Pramanik,28-01-65,18-11-99,01-01-99,Assistant Engineer
231671,Chandrasekaran,Pearson,07-01-65,14-04-95,01-01-99,Staff
231798,Goetz,Alvarado,28-01-65,25-12-88,01-01-99,Engineer
232178,Etsuo,Anandan,29-01-65,13-12-89,01-01-99,Senior Staff
232209,Nitsan,Rouquie,11-01-65,01-08-88,01-01-99,Engineer
232697,Barry,Ramsak,23-01-65,07-09-90,01-01-99,Senior Engineer
232723,Tesuya,Bugrara,14-01-65,13-02-93,01-01-99,Assistant Engineer
233114,Alselm,Gargeya,20-01-65,25-12-87,01-01-99,Senior Engineer
233394,Khalid,Lenart,06-01-65,24-12-95,01-01-99,Engineer
233397,Fay,Sundgren,16-01-65,07-07-90,01-01-99,Senior Staff
233426,Etsuo,Usery,12-01-65,02-03-95,01-01-99,Engineer
233690,Cedric,Riefers,17-01-65,08-09-94,01-01-99,Engineer
233759,Zissis,Lodder,14-01-65,27-05-00,01-01-99,Engineer
233765,Kotesh,Chachaty,20-01-65,25-03-91,01-01-99,Engineer
233785,Baziley,Ballarin,30-01-65,28-07-87,01-01-99,Senior Staff
233818,Kellie,Heydon,01-01-65,11-11-85,01-01-99,Engineer
234195,Luerbio,Terkki,07-01-65,14-05-91,01-01-99,Staff
234739,Foong,Aamodt,31-01-65,28-06-86,01-01-99,Senior Engineer
235017,Irena,Dratva,17-01-65,07-09-91,01-01-99,Staff
235096,Sverrir,Gyimothy,21-01-65,30-07-95,01-01-99,Staff
235325,Gro,Prochazka,06-01-65,16-10-92,01-01-99,Engineer
235368,Anneli,Joslin,09-01-65,12-04-87,01-01-99,Senior Engineer
235458,Gio,Heuser,05-01-65,28-06-92,01-01-99,Senior Staff
235729,Henk,Anger,01-02-65,19-01-93,01-01-99,Staff
235780,Sampalli,Bergere,17-01-65,08-04-94,01-01-99,Senior Engineer
235793,Jayesh,Spinelli,03-01-65,16-01-99,01-01-99,Senior Engineer
236315,IEEE,Raczkowsky,31-01-65,24-07-96,01-01-99,Technique Leader
236566,Yechezkel,Maginnis,17-01-65,11-12-92,01-01-99,Senior Staff
236591,Insup,Reinhard,11-01-65,08-04-85,01-01-99,Senior Staff
236827,Almudena,Rijckaert,28-01-65,16-02-94,01-01-99,Engineer
236883,Huan,Olivero,27-01-65,19-11-99,01-01-99,Staff
236964,Adel,Foote,17-01-65,20-03-00,01-01-99,Staff
238112,Miomir,Frezza,12-01-65,25-05-91,01-01-99,Technique Leader
238252,Uno,Suppi,09-01-65,27-12-96,01-01-99,Staff
238422,Vishv,Angelov,10-01-65,08-03-88,01-01-99,Staff
238949,Minghong,Cronin,09-01-65,04-10-87,01-01-99,Senior Staff
239067,Tadahiko,Pocchiola,11-01-65,02-04-96,01-01-99,Staff
239244,Abdulla,Kitai,13-01-65,20-02-87,01-01-99,Senior Staff
239415,Susumu,Brender,01-01-65,17-04-93,01-01-99,Senior Engineer
239426,Vesna,Fairtlough,08-01-65,07-05-02,01-01-99,Engineer
239664,Sugwoo,Michaels,04-01-65,02-08-92,01-01-99,Engineer
239706,Arunas,Bugrara,15-01-65,03-04-97,01-01-99,Assistant Engineer
239748,Bilhanan,Dusink,23-01-65,04-06-88,01-01-99,Senior Staff
239803,Oscal,Ernst,30-01-65,19-05-92,01-01-99,Senior Staff
240132,Mizuhito,Kobara,01-02-65,09-08-96,01-01-99,Senior Staff
240236,TRUE,Tischendorf,24-01-65,19-01-86,01-01-99,Engineer
240285,Kolar,Greenaway,23-01-65,14-11-98,01-01-99,Staff
240340,Mack,Staylopatis,14-01-65,02-04-85,01-01-99,Engineer
240438,Temple,Cyre,02-01-65,30-09-92,01-01-99,Senior Staff
240870,Francesca,Chorvat,06-01-65,17-03-92,01-01-99,Senior Staff
241100,Cedric,Molenaar,23-01-65,06-10-90,01-01-99,Senior Engineer
241254,Jagoda,Anguita,15-01-65,11-05-93,01-01-99,Senior Engineer
241292,Uri,Lampe,29-01-65,11-12-01,01-01-99,Senior Staff
241567,Emran,Miara,18-01-65,02-05-89,01-01-99,Engineer
241667,Atilio,Olivero,28-01-65,04-09-85,01-01-99,Senior Engineer
241728,Limsoon,Boudaillier,30-01-65,08-08-99,01-01-99,Senior Engineer
241872,Bluma,Fetvedt,11-01-65,14-11-01,01-01-99,Staff
242019,Herb,Murrill,09-01-65,28-10-01,01-01-99,Senior Engineer
242081,Tomokazu,Pargas,12-01-65,15-11-96,01-01-99,Assistant Engineer
242104,Richara,Sudkamp,05-01-65,05-09-89,01-01-99,Staff
242500,Bingning,Iisaku,08-01-65,26-06-89,01-01-99,Senior Staff
242800,Kazuyasu,Levergood,11-01-65,10-02-96,01-01-99,Engineer
243018,Bowen,Deverell,02-01-65,27-12-98,01-01-99,Senior Staff
243077,Kazunori,Perz,01-02-65,25-02-99,01-01-99,Senior Engineer
243576,Abdulah,Lodder,04-01-65,10-11-96,01-01-99,Staff
243637,Marjo,Delgrange,16-01-65,24-06-90,01-01-99,Staff
243898,Arch,Basawa,09-01-65,10-05-98,01-01-99,Staff
244308,Mokhtar,Rebaine,10-01-65,23-07-91,01-01-99,Senior Staff
244605,Masoud,Suwa,22-01-65,10-10-98,01-01-99,Senior Staff
244624,Boaz,Seuren,31-01-65,27-03-87,01-01-99,Senior Staff
244711,Rosli,Butner,25-01-65,20-03-91,01-01-99,Assistant Engineer
244714,Poorav,Clouatre,27-01-65,06-05-96,01-01-99,Senior Engineer
244820,Shigenori,Hertweck,15-01-65,13-04-87,01-01-99,Engineer
244873,Arunachalam,Oppitz,04-01-65,20-05-86,01-01-99,Senior Staff
245164,Filipp,Winter,23-01-65,24-10-96,01-01-99,Engineer
245396,Gift,Bottner,31-01-65,04-03-95,01-01-99,Staff
245664,Manohar,Kilgore,18-01-65,17-11-98,01-01-99,Staff
246146,Zhongwei,Melski,30-01-65,04-09-87,01-01-99,Engineer
246244,George,Casperson,09-01-65,20-01-00,01-01-99,Staff
246364,Alper,Tiemann,06-01-65,29-10-98,01-01-99,Engineer
246764,Shuzo,Czaja,04-01-65,29-11-97,01-01-99,Staff
246798,Tianruo,Strooper,09-01-65,07-12-01,01-01-99,Senior Staff
246902,Shih,Shanbhogue,27-01-65,19-04-98,01-01-99,Staff
247089,Seongbae,Schahn,17-01-65,10-12-92,01-01-99,Senior Staff
247122,Xiaobin,Narlikar,23-01-65,14-02-92,01-01-99,Senior Staff
247447,Tzu,Bakhtari,28-01-65,18-03-94,01-01-99,Senior Engineer
247456,Masako,Bahk,16-01-65,31-07-97,01-01-99,Engineer
247612,Chiranjit,Constantine,04-01-65,25-05-97,01-01-99,Engineer
247875,Xiong,Anick,02-01-65,23-04-91,01-01-99,Senior Staff
247888,Abdelghani,Lagarias,15-01-65,06-09-85,01-01-99,Engineer
248256,Sajjan,Falby,05-01-65,29-08-96,01-01-99,Staff
248351,Jaana,Milicia,01-02-65,02-06-85,01-01-99,Senior Staff
248758,Snehasis,Muhlberg,01-02-65,25-12-94,01-01-99,Senior Staff
248953,Percy,Sudbeck,29-01-65,29-08-96,01-01-99,Assistant Engineer
249239,Hideyuki,Decleir,21-01-65,04-05-94,01-01-99,Senior Engineer
249325,Ute,Pokrovskii,26-01-65,09-06-97,01-01-99,Staff
249433,Ayonca,Matzov,16-01-65,03-06-88,01-01-99,Engineer
249504,Dmitry,Velardi,07-01-65,20-10-95,01-01-99,Engineer
249780,Nechama,Gaughan,12-01-65,09-07-93,01-01-99,Engineer
249799,Jolita,Neimat,04-01-65,27-12-93,01-01-99,Engineer
249866,Steen,Gubsky,15-01-65,14-01-89,01-01-99,Staff
249969,Georgi,Luiz,21-01-65,10-06-91,01-01-99,Engineer
250411,Ranga,Sommen,27-01-65,20-01-89,01-01-99,Staff
250452,Alexius,Plavsic,14-01-65,17-01-00,01-01-99,Senior Engineer
250748,Kish,Turnbull,27-01-65,10-02-87,01-01-99,Engineer
251166,Hinrich,Hooghiemstra,22-01-65,05-10-85,01-01-99,Senior Staff
251233,Yucel,Bernini,07-01-65,19-02-93,01-01-99,Engineer
251301,Pintsang,Impagliazzo,30-01-65,06-05-89,01-01-99,Senior Staff
251341,Divier,Kumaresan,11-01-65,05-12-92,01-01-99,Senior Staff
251403,Utpal,DuBourdieux,01-01-65,19-11-97,01-01-99,Technique Leader
251437,Shichao,Iwayama,20-01-65,17-10-89,01-01-99,Assistant Engineer
251645,Bezalel,Tsunoo,06-01-65,17-06-92,01-01-99,Senior Staff
251680,Moty,Sommen,05-01-65,14-08-90,01-01-99,Senior Engineer
251814,Mitsuyuki,Zockler,01-01-65,14-09-98,01-01-99,Technique Leader
252185,Chaosheng,Conta,01-01-65,14-04-97,01-01-99,Assistant Engineer
252316,Gill,Niizuma,07-01-65,08-10-94,01-01-99,Engineer
252392,Sanjeeva,Peron,01-01-65,26-12-93,01-01-99,Engineer
253029,Thodoros,Thimonier,13-01-65,05-04-95,01-01-99,Engineer
253707,Insup,Hainaut,05-01-65,11-02-98,01-01-99,Staff
253838,Stafford,Terlouw,28-01-65,21-02-99,01-01-99,Assistant Engineer
253893,Huiqun,Trystram,04-01-65,10-05-93,01-01-99,Senior Engineer
254044,Gunilla,Brendel,16-01-65,10-04-92,01-01-99,Engineer
254399,Armond,Lores,24-01-65,16-09-99,01-01-99,Technique Leader
254821,Tonny,Couchot,24-01-65,12-12-94,01-01-99,Staff
255466,Huan,Roccetti,18-01-65,03-07-85,01-01-99,Senior Engineer
255657,Oldrich,Cyre,20-01-65,10-02-85,01-01-99,Senior Engineer
255779,Heejo,Merle,31-01-65,04-09-97,01-01-99,Technique Leader
256216,Halsur,Brodal,01-01-65,22-11-97,01-01-99,Engineer
256856,Hongzue,Barbanera,03-01-65,17-06-87,01-01-99,Staff
256881,Ioana,Jakobus,03-01-65,10-08-90,01-01-99,Engineer
256888,Heather,Pehl,03-01-65,15-09-93,01-01-99,Staff
257062,Stabislas,Pardalos,24-01-65,21-06-89,01-01-99,Engineer
257378,Pascal,Bernatsky,06-01-65,03-09-88,01-01-99,Senior Staff
257469,Anyuan,Hanratty,22-01-65,06-01-88,01-01-99,Staff
257484,Shaowei,Nicolson,01-01-65,07-12-86,01-01-99,Senior Staff
258028,Mountaz,Reinhart,07-01-65,03-07-01,01-01-99,Engineer
258124,Mariusz,Zolotykh,17-01-65,28-07-90,01-01-99,Senior Staff
258470,Weiwu,Butner,04-01-65,14-02-95,01-01-99,Staff
258643,Przemyslawa,Esposito,11-01-65,27-02-92,01-01-99,Engineer
259042,Xiaoqiang,Farrow,12-01-65,01-01-97,01-01-99,Staff
259237,Palash,Gammage,27-01-65,23-10-87,01-01-99,Senior Staff
259273,Xiahua,Gomatam,22-01-65,01-12-89,01-01-99,Senior Engineer
259611,Shuichi,Marrakchi,27-01-65,21-08-90,01-01-99,Senior Staff
259619,Conal,Magliocco,21-01-65,09-05-92,01-01-99,Senior Staff
259718,Stepehn,Bouloucos,24-01-65,13-12-93,01-01-99,Senior Staff
260153,Mingdong,Baar,28-01-65,14-10-91,01-01-99,Technique Leader
260249,Vugranam,Beausoleil,22-01-65,14-05-98,01-01-99,Staff
260361,Reinhold,Rahier,25-01-65,09-10-97,01-01-99,Engineer
260399,Hatem,Birsak,30-01-65,10-04-89,01-01-99,Senior Staff
260408,Sasan,Brookner,19-01-65,03-09-96,01-01-99,Senior Staff
260501,Dzung,Pargas,14-01-65,17-05-90,01-01-99,Technique Leader
261184,Masako,Kornatzky,30-01-65,29-08-87,01-01-99,Senior Engineer
261631,Jianhua,Huttel,08-01-65,23-02-98,01-01-99,Engineer
261662,Berni,Assaf,11-01-65,08-09-89,01-01-99,Senior Staff
261737,Mark,Lindqvist,23-01-65,22-11-90,01-01-99,Senior Engineer
261986,Gila,Ramsak,21-01-65,13-05-97,01-01-99,Senior Engineer
261990,Volkmar,Czaja,16-01-65,01-04-92,01-01-99,Senior Staff
262208,Mrinalini,Holburn,16-01-65,23-05-87,01-01-99,Senior Staff
262210,Chinho,Bottner,22-01-65,29-07-85,01-01-99,Assistant Engineer
262328,Mayuko,Vural,03-01-65,24-12-97,01-01-99,Staff
262439,Lorien,Lagarias,30-01-65,10-10-85,01-01-99,Senior Staff
262636,Tamiya,Reutenauer,04-01-65,10-04-92,01-01-99,Senior Engineer
262752,Pramod,Bierman,04-01-65,12-12-97,01-01-99,Engineer
262928,Piyush,Gill,01-01-65,20-02-95,01-01-99,Senior Engineer
263012,Hideo,Buchter,09-01-65,01-05-99,01-01-99,Staff
263186,Danny,Lowrie,22-01-65,13-09-95,01-01-99,Technique Leader
263370,Shakhar,Ranze,03-01-65,29-05-99,01-01-99,Staff
263439,Atreye,Kabayashi,09-01-65,15-12-86,01-01-99,Senior Engineer
263645,Mingsen,Lally,19-01-65,04-12-90,01-01-99,Senior Engineer
263649,Mechthild,Zongker,17-01-65,26-07-93,01-01-99,Senior Staff
263926,Fusako,Schwartzbauer,03-01-65,07-04-85,01-01-99,Senior Staff
264030,Zdislav,Solares,15-01-65,14-12-90,01-01-99,Assistant Engineer
264167,Baoqiu,Tomescu,25-01-65,01-05-96,01-01-99,Senior Engineer
264322,Leandro,Swist,03-01-65,06-01-91,01-01-99,Staff
264626,Noritoshi,Bakhtari,13-01-65,03-02-93,01-01-99,Senior Staff
264939,Bogdan,Bahi,10-01-65,13-02-99,01-01-99,Senior Engineer
265039,Navid,Staudhammer,03-01-65,18-10-92,01-01-99,Staff
265521,Kensei,Salverda,04-01-65,25-05-93,01-01-99,Engineer
265558,Susuma,Kleiser,31-01-65,02-08-87,01-01-99,Senior Staff
265794,Miquel,Halloran,15-01-65,14-01-94,01-01-99,Senior Staff
265875,Fan,Marsiglia,20-01-65,03-09-89,01-01-99,Engineer
266206,Zsolt,Anily,01-02-65,19-08-85,01-01-99,Staff
266249,Sumant,Nishimukai,15-01-65,28-03-91,01-01-99,Senior Staff
266310,Zvonko,Serdy,23-01-65,24-06-87,01-01-99,Senior Staff
266644,Anwar,Gubsky,08-01-65,09-08-93,01-01-99,Senior Staff
266862,Mart,Plumb,10-01-65,21-04-86,01-01-99,Senior Staff
266881,Mokhtar,Sabnani,11-01-65,04-02-97,01-01-99,Senior Staff
267059,Moie,Tempesti,09-01-65,29-06-91,01-01-99,Senior Staff
267227,Susuma,Tagansky,10-01-65,22-01-95,01-01-99,Senior Engineer
267304,Jordanka,Axelband,06-01-65,27-06-94,01-01-99,Senior Staff
267667,Irena,Kaiserswerth,05-01-65,05-09-87,01-01-99,Senior Staff
268043,Narain,Mikschl,28-01-65,02-11-97,01-01-99,Engineer
268191,LiMin,Teitelbaum,07-01-65,01-11-90,01-01-99,Senior Engineer
269728,Naftali,Kragelund,12-01-65,16-05-87,01-01-99,Staff
270084,Ulises,Frolund,11-01-65,26-07-86,01-01-99,Staff
270716,Shunichi,Baer,19-01-65,04-02-98,01-01-99,Staff
270794,Dannz,Zhang,01-02-65,26-06-91,01-01-99,Senior Staff
271106,Taisook,Kampfer,10-01-65,30-11-97,01-01-99,Engineer
271219,Odoardo,Tyugu,16-01-65,07-11-94,01-01-99,Engineer
272141,Tsutomu,Neiman,13-01-65,31-07-96,01-01-99,Senior Staff
272285,Gully,Mitchem,19-01-65,22-01-86,01-01-99,Senior Staff
272316,Surveyors,Muhling,05-01-65,19-07-99,01-01-99,Engineer
272452,Mitsuyuki,Isard,10-01-65,27-02-02,01-01-99,Engineer
272599,Holgard,Hegner,16-01-65,15-07-93,01-01-99,Senior Staff
272860,Minghong,Candan,01-02-65,10-02-94,01-01-99,Assistant Engineer
273159,Divine,Hofmeyr,26-01-65,14-04-89,01-01-99,Technique Leader
273286,Brigham,Asmuth,26-01-65,23-01-89,01-01-99,Senior Engineer
273396,Wayne,Baba,10-01-65,07-03-98,01-01-99,Engineer
273806,Hongzhu,Beetstra,01-01-65,18-08-97,01-01-99,Senior Staff
273858,Gunilla,Matzen,13-01-65,28-12-90,01-01-99,Senior Staff
274071,Mingsen,Weiland,01-01-65,12-10-95,01-01-99,Staff
274271,Prodip,Ritcey,10-01-65,10-09-86,01-01-99,Senior Staff
274369,Ranga,Waymire,29-01-65,27-01-97,01-01-99,Senior Staff
274813,Yefim,Pettey,10-01-65,07-08-93,01-01-99,Senior Staff
275158,Satyanarayana,Brandsma,07-01-65,08-12-99,01-01-99,Engineer
275263,Vojin,Laventhal,21-01-65,18-10-91,01-01-99,Engineer
275444,Limsoon,Leppanen,16-01-65,21-01-93,01-01-99,Engineer
275495,Shen,Yamaashi,13-01-65,19-02-95,01-01-99,Staff
275801,Ayakannu,Heinisuo,22-01-65,28-06-86,01-01-99,Senior Staff
275881,Jiann,Munro,08-01-65,18-05-88,01-01-99,Senior Engineer
275994,Uma,Prampolini,29-01-65,21-02-91,01-01-99,Senior Engineer
276027,Holgard,Stavenow,04-01-65,28-02-86,01-01-99,Senior Staff
276184,Mari,Swick,10-01-65,08-04-91,01-01-99,Senior Staff
276186,Sajjad,Vecchi,30-01-65,02-06-93,01-01-99,Senior Staff
276189,Isaac,Klerer,10-01-65,19-03-95,01-01-99,Senior Staff
276445,Atilio,Randi,27-01-65,02-07-88,01-01-99,Engineer
276472,Hideyuki,Flanders,27-01-65,10-11-88,01-01-99,Engineer
276563,Gift,Solares,01-01-65,01-08-95,01-01-99,Senior Staff
276868,Alois,Sanella,19-01-65,13-03-98,01-01-99,Staff
277316,Vitali,Rothenberg,03-01-65,04-10-89,01-01-99,Staff
277362,Uzi,Kugler,09-01-65,12-01-91,01-01-99,Senior Staff
277420,Rayond,Schach,16-01-65,22-04-95,01-01-99,Engineer
277777,Herbert,Itzigehl,27-01-65,04-07-90,01-01-99,Senior Engineer
277829,Michaela,Fandrianto,22-01-65,02-06-86,01-01-99,Senior Engineer
278239,Boaz,Bottner,19-01-65,06-02-94,01-01-99,Staff
278386,Caolyn,Poujol,15-01-65,03-12-95,01-01-99,Technique Leader
278452,Sudhanshu,Toyoshima,07-01-65,29-08-87,01-01-99,Senior Staff
278536,Munenori,Shobatake,14-01-65,10-01-92,01-01-99,Staff
278549,Jaana,Werthner,02-01-65,27-07-89,01-01-99,Senior Staff
278953,Jeanna,Ghandeharizadeh,26-01-65,11-08-90,01-01-99,Senior Engineer
279115,Maren,DuCasse,05-01-65,29-11-97,01-01-99,Engineer
279280,Niranjan,Debuse,09-01-65,21-09-92,01-01-99,Engineer
279791,Chiranjit,Lyonns,10-01-65,24-12-86,01-01-99,Assistant Engineer
280070,Niteen,Ebeling,24-01-65,29-03-88,01-01-99,Senior Staff
280291,Lenore,Badache,26-01-65,24-11-98,01-01-99,Staff
280420,Jahangir,Hofting,31-01-65,28-09-86,01-01-99,Staff
280525,Kish,Herbst,13-01-65,18-08-96,01-01-99,Staff
280648,Heeju,Lorys,04-01-65,27-12-86,01-01-99,Engineer
281570,Zijian,Covnot,08-01-65,13-09-94,01-01-99,Assistant Engineer
281692,Khosrow,Sommen,06-01-65,03-03-90,01-01-99,Senior Engineer
281848,Parke,Staylopatis,29-01-65,31-07-93,01-01-99,Senior Engineer
281859,Masanao,Papastamatiou,17-01-65,25-11-85,01-01-99,Senior Engineer
282191,Alper,Shinomoto,16-01-65,20-10-97,01-01-99,Engineer
282333,Nahla,Serdy,25-01-65,09-09-93,01-01-99,Senior Staff
282343,Xinglin,Haldar,13-01-65,20-07-88,01-01-99,Staff
282547,Nahum,Codenie,18-01-65,14-06-99,01-01-99,Engineer
282585,Zijian,Lammel,03-01-65,01-07-96,01-01-99,Staff
282894,Fay,Bellmore,05-01-65,03-05-89,01-01-99,Engineer
284300,Ishfaq,Mahmud,22-01-65,29-11-91,01-01-99,Senior Staff
284431,Pintsang,Fujisawa,25-01-65,16-04-96,01-01-99,Staff
284561,Duri,Beznosov,03-01-65,15-02-88,01-01-99,Senior Engineer
284687,Oksana,Redmiles,15-01-65,22-06-85,01-01-99,Senior Engineer
284691,Theron,Ressouche,04-01-65,17-08-88,01-01-99,Engineer
284711,Martijn,Azevdeo,21-01-65,10-02-88,01-01-99,Senior Engineer
284717,Gal,Ranta,11-01-65,07-11-92,01-01-99,Engineer
284856,Moto,Kobara,05-01-65,12-12-91,01-01-99,Engineer
284954,Anneke,Hammerschmidt,16-01-65,30-01-96,01-01-99,Engineer
285164,Xiaocheng,Kumaresan,02-01-65,03-10-94,01-01-99,Staff
285396,Lena,Kohling,27-01-65,04-10-86,01-01-99,Engineer
285905,Kellyn,Bage,09-01-65,04-11-94,01-01-99,Senior Staff
285906,Arnould,Buescher,02-01-65,26-03-98,01-01-99,Engineer
286026,Utpal,Zaumen,21-01-65,25-02-91,01-01-99,Senior Staff
286029,Jaques,Nanard,28-01-65,16-07-96,01-01-99,Staff
286370,Toshimitsu,Seuren,06-01-65,19-01-95,01-01-99,Senior Staff
286452,Behnaam,Bierbaum,26-01-65,31-01-99,01-01-99,Engineer
286573,Nahum,Nishimukai,27-01-65,29-07-94,01-01-99,Engineer
286779,Sigeru,Versino,24-01-65,31-08-98,01-01-99,Engineer
286986,Woody,Trelles,01-01-65,23-05-96,01-01-99,Senior Engineer
287323,Steve,Dengi,01-02-65,15-09-99,01-01-99,Staff
287327,Youjian,Felder,13-01-65,15-07-93,01-01-99,Senior Staff
287334,Elliott,Speer,05-01-65,08-08-98,01-01-99,Engineer
287482,Shigeaki,Gihr,01-01-65,18-03-94,01-01-99,Engineer
287583,Jovan,Hockney,18-01-65,21-06-90,01-01-99,Engineer
287609,Sailaja,Negoita,06-01-65,20-01-88,01-01-99,Engineer
287713,Aamod,Ranka,23-01-65,07-12-92,01-01-99,Senior Staff
287808,Vidar,Ozeki,09-01-65,17-06-96,01-01-99,Technique Leader
287983,Randi,Munos,23-01-65,07-09-90,01-01-99,Senior Staff
287984,Troy,Kobuchi,09-01-65,12-02-91,01-01-99,Senior Engineer
288028,Kauko,Narwekar,22-01-65,16-12-85,01-01-99,Engineer
288142,Shay,Heystek,25-01-65,01-04-89,01-01-99,Senior Staff
288166,Masoud,Asmuth,11-01-65,05-09-94,01-01-99,Staff
288560,Yifei,Birjandi,16-01-65,07-02-94,01-01-99,Staff
288563,Cristinel,Gerlach,02-01-65,09-01-96,01-01-99,Engineer
288606,Susumu,Swiss,21-01-65,15-11-91,01-01-99,Staff
288665,Horward,Khasidashvili,31-01-65,19-11-98,01-01-99,Senior Engineer
288893,Bedrich,Rosenbaum,30-01-65,27-01-91,01-01-99,Engineer
289454,Bowen,Narwekar,20-01-65,08-03-85,01-01-99,Senior Engineer
289687,Fai,Maccarone,31-01-65,30-10-85,01-01-99,Senior Staff
289807,Soenke,Lemarechal,04-01-65,04-09-94,01-01-99,Senior Staff
289909,Hilari,Vecchio,09-01-65,24-04-93,01-01-99,Senior Staff
290009,Zijian,Rindone,22-01-65,09-07-89,01-01-99,Senior Staff
290075,Boalin,Byoun,15-01-65,01-10-90,01-01-99,Senior Staff
290284,Kwangjo,Menhardt,08-01-65,11-01-96,01-01-99,Engineer
290441,Gregory,Collavizza,25-01-65,09-09-87,01-01-99,Senior Staff
290467,Shaowen,Poulakidas,29-01-65,15-04-87,01-01-99,Staff
290478,Tsvetan,Sherertz,03-01-65,07-08-89,01-01-99,Assistant Engineer
290563,Shigehiro,Oxenboll,09-01-65,26-02-86,01-01-99,Senior Engineer
290769,Lalit,Blokdijk,26-01-65,01-02-99,01-01-99,Senior Engineer
291352,Danai,Trelles,07-01-65,26-08-97,01-01-99,Technique Leader
291612,Siamak,Gomatam,30-01-65,08-07-98,01-01-99,Engineer
291669,Faiza,Bach,04-01-65,13-09-99,01-01-99,Engineer
292110,Menkae,Showalter,23-01-65,09-08-96,01-01-99,Engineer
292146,Khatoun,Pulkowski,09-01-65,09-01-02,01-01-99,Engineer
292210,Masaru,Huhdanpaa,17-01-65,23-11-96,01-01-99,Engineer
292404,Hongzue,Zultner,28-01-65,22-02-90,01-01-99,Senior Staff
292504,Georgi,Bednarek,27-01-65,02-03-94,01-01-99,Engineer
292515,Bernd,Thummel,04-01-65,03-08-89,01-01-99,Assistant Engineer
292828,Ziya,Tokunaga,10-01-65,08-01-86,01-01-99,Engineer
293080,Hideyuki,Slaats,12-01-65,30-05-87,01-01-99,Senior Staff
293154,Syozo,Maliniak,21-01-65,06-06-93,01-01-99,Senior Staff
293280,Moti,Steenbeek,24-01-65,22-01-87,01-01-99,Engineer
293329,Fumiya,Griswold,15-01-65,12-06-86,01-01-99,Senior Engineer
293746,Sanjay,Litecky,25-01-65,27-08-95,01-01-99,Engineer
293752,Jungsoon,Bail,04-01-65,18-02-86,01-01-99,Senior Staff
294144,Takanari,Ermel,09-01-65,11-01-92,01-01-99,Senior Staff
294241,Marl,Fiebach,12-01-65,26-07-94,01-01-99,Senior Staff
294446,Claudi,Ruemmler,27-01-65,13-08-99,01-01-99,Staff
294461,Siddarth,Rosiles,14-01-65,18-11-85,01-01-99,Senior Engineer
294527,Ashish,Candan,04-01-65,02-02-92,01-01-99,Senior Staff
294652,Hironobu,Brodie,27-01-65,21-12-98,01-01-99,Engineer
294791,Vesna,Lammel,28-01-65,08-10-99,01-01-99,Assistant Engineer
294857,Caolyn,Ozeri,15-01-65,29-07-86,01-01-99,Senior Engineer
295030,Fun,Keirsey,01-01-65,09-07-85,01-01-99,Senior Staff
295236,Kauko,Fujisawa,24-01-65,13-09-87,01-01-99,Engineer
295254,Xuejun,Pfau,15-01-65,24-07-85,01-01-99,Staff
295255,Jacopo,Bellone,04-01-65,13-03-88,01-01-99,Technique Leader
295262,Moon,Pews,22-01-65,06-08-94,01-01-99,Assistant Engineer
295268,Eben,Calkin,28-01-65,19-12-96,01-01-99,Staff
295278,Val,Barvinok,04-01-65,02-01-90,01-01-99,Assistant Engineer
295411,Chiranjit,Serot,18-01-65,04-04-97,01-01-99,Staff
295857,Kankanahalli,Ciolek,17-01-65,26-12-89,01-01-99,Senior Staff
296062,Shaz,Driscoll,29-01-65,03-10-98,01-01-99,Staff
296303,Mariangiola,Heyers,28-01-65,04-08-92,01-01-99,Technique Leader
296428,Charmane,Simmen,03-01-65,07-03-89,01-01-99,Senior Staff
296664,Dipayan,Geffroy,31-01-65,17-09-87,01-01-99,Senior Engineer
296687,Palash,Spieker,02-01-65,11-05-91,01-01-99,Senior Staff
296718,Kamakshi,Bahl,30-01-65,22-12-87,01-01-99,Senior Engineer
297232,Lokesh,Saoudi,16-01-65,25-05-99,01-01-99,Senior Staff
297431,Cathie,Ratnakar,12-01-65,23-06-96,01-01-99,Senior Staff
297474,Irena,Terkki,13-01-65,11-03-98,01-01-99,Staff
297905,Marc,Bahl,12-01-65,18-06-97,01-01-99,Assistant Engineer
297954,Sailaja,Fujisaki,13-01-65,24-07-95,01-01-99,Assistant Engineer
298339,King,Benzmuller,11-01-65,04-09-86,01-01-99,Engineer
298577,Florina,Litecky,11-01-65,02-12-85,01-01-99,Staff
298953,Zita,Syang,01-02-65,29-12-98,01-01-99,Staff
299346,Fumitake,Sichman,09-01-65,21-02-91,01-01-99,Senior Staff
299580,Luisa,Itzfeldt,21-01-65,23-01-97,01-01-99,Engineer
299718,Denny,Shobatake,15-01-65,22-06-97,01-01-99,Senior Staff
299737,Patricio,Itzfeldt,01-02-65,21-05-85,01-01-99,Senior Staff
400046,Hilari,Christ,12-01-65,07-10-96,01-01-99,Senior Staff
400358,Angus,Jullig,31-01-65,13-04-89,01-01-99,Engineer
400683,Kamakshi,Manders,28-01-65,05-08-95,01-01-99,Staff
400780,Poornachandra,Asser,09-01-65,07-11-93,01-01-99,Engineer
400796,Bodo,Halevi,10-01-65,30-05-96,01-01-99,Engineer
401154,Danae,Kragelund,27-01-65,20-05-87,01-01-99,Staff
401278,Oguz,Schurmann,16-01-65,11-11-86,01-01-99,Assistant Engineer
401333,Martins,Shokrollahi,30-01-65,04-11-86,01-01-99,Engineer
401420,Florian,Uhrig,06-01-65,31-01-87,01-01-99,Senior Staff
401574,Yannik,Falco,13-01-65,15-01-88,01-01-99,Technique Leader
402025,Shigehito,Duclos,20-01-65,20-09-87,01-01-99,Senior Engineer
402102,Kersti,Granlund,21-01-65,19-03-95,01-01-99,Engineer
402664,Subhada,Janetzko,04-01-65,25-01-87,01-01-99,Senior Engineer
402718,Jeanna,Rettelbach,17-01-65,14-02-90,01-01-99,Senior Engineer
402827,Weidon,Pollacia,28-01-65,24-03-02,01-01-99,Senior Staff
403010,Toshimitsu,Sluis,16-01-65,18-02-85,01-01-99,Senior Engineer
403621,Deborah,Kaminger,07-01-65,04-06-88,01-01-99,Staff
403644,Krisda,Hainaut,19-01-65,08-07-95,01-01-99,Senior Staff
403954,Jeanna,Bratten,10-01-65,26-07-90,01-01-99,Engineer
404018,Valery,Babb,11-01-65,19-10-98,01-01-99,Senior Engineer
404236,Zengping,Kakkar,12-01-65,22-07-88,01-01-99,Senior Engineer
404462,Anestis,Setlzner,09-01-65,13-07-85,01-01-99,Engineer
404573,Eberhardt,Spelt,31-01-65,05-07-97,01-01-99,Staff
404755,Manu,Junet,13-01-65,20-04-91,01-01-99,Senior Staff
404788,Basem,Beausoleil,16-01-65,16-03-98,01-01-99,Engineer
405015,Morris,Fargier,02-01-65,29-06-88,01-01-99,Senior Staff
405063,Yechezkel,Yurov,26-01-65,16-11-01,01-01-99,Senior Engineer
406125,Georgi,Portugali,25-01-65,27-09-87,01-01-99,Technique Leader
406239,Marek,Tomescu,09-01-65,15-05-95,01-01-99,Engineer
406564,Parviz,Picco,25-01-65,16-04-95,01-01-99,Engineer
406714,Malu,Ossenbruggen,01-02-65,21-11-86,01-01-99,Staff
406847,Alexius,Crouzet,24-01-65,05-10-99,01-01-99,Staff
407522,Tommaso,Raczkowsky,25-01-65,29-08-96,01-01-99,Staff
407837,Fei,Erez,01-02-65,02-04-88,01-01-99,Engineer
408019,Shridhar,Chleq,01-01-65,22-03-86,01-01-99,Senior Engineer
408114,Geoffrey,Ladret,05-01-65,03-01-94,01-01-99,Engineer
408163,Irene,Sethi,21-01-65,12-08-00,01-01-99,Senior Engineer
408417,Tsz,Daescu,19-01-65,28-09-94,01-01-99,Staff
408437,Uno,Solares,29-01-65,22-09-94,01-01-99,Senior Staff
408447,Mayuri,Werthner,13-01-65,20-02-01,01-01-99,Staff
408654,Yongqiao,Cochrane,09-01-65,27-10-86,01-01-99,Staff
408953,Jolita,Claffy,26-01-65,24-12-93,01-01-99,Senior Engineer
409391,Willard,Verspoor,06-01-65,28-02-99,01-01-99,Engineer
409798,Dekang,Tsunoo,15-01-65,19-01-95,01-01-99,Technique Leader
409805,Frazer,Candan,15-01-65,05-03-99,01-01-99,Senior Engineer
409898,Divier,Ishibashi,01-02-65,22-09-89,01-01-99,Engineer
410028,Xiadong,McClurg,11-01-65,17-09-85,01-01-99,Staff
410372,Duri,Mitina,08-01-65,04-03-90,01-01-99,Engineer
410433,Kazuhisa,Riesenhuber,19-01-65,06-10-92,01-01-99,Senior Engineer
410616,Gudjon,Kalorkoti,18-01-65,14-04-94,01-01-99,Senior Engineer
410804,Ronnie,Denos,17-01-65,08-06-92,01-01-99,Senior Engineer
410881,Koichi,Grabner,06-01-65,05-04-00,01-01-99,Senior Engineer
411070,Otmar,Brandsma,29-01-65,28-05-87,01-01-99,Engineer
411082,Martine,Cangellaris,08-01-65,28-04-92,01-01-99,Senior Engineer
411143,Goncalo,Barbanera,08-01-65,01-09-96,01-01-99,Senior Staff
412404,Mitsuyuki,Jeansoulin,15-01-65,28-10-99,01-01-99,Senior Engineer
412757,Leen,Peak,03-01-65,20-11-99,01-01-99,Engineer
413098,Hsiangchu,Taubenfeld,26-01-65,17-04-93,01-01-99,Senior Staff
413205,Mototsugu,Prampolini,09-01-65,12-06-88,01-01-99,Senior Staff
413666,Remco,Duclos,05-01-65,18-04-88,01-01-99,Staff
413729,Harjit,Ernst,02-01-65,26-04-92,01-01-99,Technique Leader
413831,Mohamadou,Grabner,09-01-65,25-11-91,01-01-99,Senior Staff
413832,Marco,Jahnichen,24-01-65,28-03-95,01-01-99,Senior Staff
414027,Tadanori,Msuda,31-01-65,20-02-93,01-01-99,Engineer
414091,Wuxu,Kuhnemann,17-01-65,19-08-97,01-01-99,Engineer
414543,Bernd,Anick,03-01-65,19-11-88,01-01-99,Senior Engineer
414551,Elliott,Copas,22-01-65,13-09-94,01-01-99,Engineer
414662,Ipke,Schneeberger,21-01-65,20-09-85,01-01-99,Engineer
414714,Chinho,Delgrande,06-01-65,07-11-96,01-01-99,Senior Staff
414814,Dayanand,Wielonsky,28-01-65,28-02-99,01-01-99,Staff
414897,Juyoung,Willoner,17-01-65,03-11-89,01-01-99,Staff
415187,Juyoung,Peltason,03-01-65,01-09-98,01-01-99,Assistant Engineer
415338,Shigeo,Emmart,22-01-65,24-12-95,01-01-99,Assistant Engineer
415363,Conal,Shackell,19-01-65,23-02-95,01-01-99,Staff
415563,Mrinalini,Bierbaum,21-01-65,12-03-86,01-01-99,Engineer
416074,Alain,Lieberherr,08-01-65,11-05-87,01-01-99,Engineer
416383,Nectarios,Itschner,29-01-65,02-03-90,01-01-99,Engineer
416420,Adamantios,Heemskerk,22-01-65,08-08-86,01-01-99,Senior Staff
416492,Kannan,Meriste,15-01-65,12-08-92,01-01-99,Senior Engineer
416660,Nathalie,Luke,28-01-65,16-09-87,01-01-99,Senior Engineer
416720,Tokuyasu,Xiaoshan,14-01-65,19-09-91,01-01-99,Engineer
416877,Gio,Orsini,02-01-65,07-12-88,01-01-99,Staff
416892,Shooichi,Vandervoorde,03-01-65,16-08-96,01-01-99,Engineer
417435,Bouchung,Zaumen,03-01-65,29-01-99,01-01-99,Senior Staff
418239,Josyula,Motley,03-01-65,26-03-96,01-01-99,Senior Engineer
418247,Oscar,Oppitz,08-01-65,27-07-02,01-01-99,Senior Staff
418298,Arvin,Pusterhofer,08-01-65,02-03-95,01-01-99,Senior Engineer
418309,Danel,Petereit,24-01-65,21-02-85,01-01-99,Senior Engineer
418380,Kazuhiko,Gornas,02-01-65,20-05-93,01-01-99,Senior Engineer
418566,Kazuhide,Snedden,27-01-65,14-06-96,01-01-99,Senior Engineer
418606,Michaela,Otillio,11-01-65,05-01-94,01-01-99,Engineer
418717,Arunachalam,Magliocco,20-01-65,23-12-87,01-01-99,Staff
418860,Ymte,Dalton,01-02-65,22-11-92,01-01-99,Senior Staff
419099,Heon,Broomell,15-01-65,06-05-98,01-01-99,Staff
419953,Ung,Orlowski,29-01-65,22-07-91,01-01-99,Staff
420086,Susuma,Kitsuregawa,27-01-65,28-05-85,01-01-99,Engineer
420476,Mariangiola,Bolsens,28-01-65,15-06-85,01-01-99,Senior Staff
420557,Mabhin,Eastman,06-01-65,02-08-89,01-01-99,Staff
420694,Frazer,Barbanera,19-01-65,04-11-86,01-01-99,Senior Staff
420732,Willard,Morrin,06-01-65,27-05-96,01-01-99,Senior Staff
420759,Raimond,Solovay,04-01-65,03-10-97,01-01-99,Staff
420765,Shawna,Krider,17-01-65,09-03-90,01-01-99,Staff
420877,Khosrow,Erez,29-01-65,11-02-90,01-01-99,Senior Staff
421022,Shigeaki,Butner,26-01-65,13-07-96,01-01-99,Senior Staff
421033,Garnik,Randt,14-01-65,23-12-89,01-01-99,Staff
421074,Zhaofang,Falster,07-01-65,29-06-94,01-01-99,Senior Staff
421312,Mariangiola,Bashian,13-01-65,18-09-99,01-01-99,Engineer
421384,Renny,Bednarek,02-01-65,01-06-87,01-01-99,Staff
421755,Shichao,Thiria,03-01-65,11-01-89,01-01-99,Assistant Engineer
422146,Kenton,Miara,08-01-65,13-03-02,01-01-99,Engineer
422783,Jagoda,Uhrig,18-01-65,01-09-95,01-01-99,Engineer
423038,Takushi,Strehl,20-01-65,04-10-88,01-01-99,Senior Staff
423204,Uma,Stranks,08-01-65,13-09-91,01-01-99,Staff
423208,Joydip,Krone,19-01-65,08-02-95,01-01-99,Engineer
423214,Tsutomu,Tetzlaff,31-01-65,24-09-87,01-01-99,Staff
423327,Constantijn,Lichtman,27-01-65,26-06-94,01-01-99,Senior Staff
423350,Heping,Monarch,04-01-65,15-04-88,01-01-99,Senior Staff
423633,Mariusz,Tokunaga,30-01-65,11-02-85,01-01-99,Senior Engineer
423993,Seshu,Kolvik,01-01-65,09-12-88,01-01-99,Technique Leader
424569,Danco,Luff,14-01-65,30-10-97,01-01-99,Engineer
424584,Kagan,Dredge,01-02-65,26-02-94,01-01-99,Engineer
424685,Changho,Veevers,10-01-65,03-03-97,01-01-99,Senior Staff
424797,Theron,Itschner,19-01-65,16-05-85,01-01-99,Senior Staff
424805,Jacqueline,Zallocco,24-01-65,17-12-87,01-01-99,Senior Staff
424930,Xuejun,Reeker,19-01-65,18-11-88,01-01-99,Staff
424984,Vasilis,Waleschkowski,11-01-65,26-05-96,01-01-99,Engineer
425437,Moni,Staudhammer,03-01-65,23-03-99,01-01-99,Engineer
425535,Alagu,Vieri,18-01-65,23-08-86,01-01-99,Staff
425540,Paddy,Zumaque,03-01-65,12-11-95,01-01-99,Senior Staff
425757,Yongdong,Jiang,18-01-65,31-01-95,01-01-99,Senior Staff
425780,Paris,Range,15-01-65,25-10-89,01-01-99,Senior Staff
425830,Guther,Conia,30-01-65,13-02-99,01-01-99,Engineer
425875,Jahangir,Kroft,19-01-65,11-06-90,01-01-99,Senior Staff
426153,Shahaf,Luce,16-01-65,06-04-99,01-01-99,Senior Staff
426168,Kaijung,Mateescu,10-01-65,18-11-87,01-01-99,Staff
426228,Supot,Badache,17-01-65,17-08-96,01-01-99,Engineer
426235,Danco,Rajala,31-01-65,29-03-91,01-01-99,Senior Staff
426644,Zejun,Broomell,13-01-65,19-01-95,01-01-99,Senior Engineer
426706,Karsten,Kawashima,07-01-65,15-03-94,01-01-99,Senior Engineer
426795,Huican,Lunn,07-01-65,23-07-86,01-01-99,Senior Staff
426818,Gaurav,Fendler,21-01-65,15-02-92,01-01-99,Senior Staff
426819,Sandeepan,Kulisch,13-01-65,16-05-97,01-01-99,Engineer
426824,Gopalakrishnan,Mawatari,25-01-65,07-12-97,01-01-99,Senior Staff
426958,Weijing,Viele,19-01-65,03-10-85,01-01-99,Engineer
427313,Utpal,Kemmerer,31-01-65,04-12-86,01-01-99,Senior Staff
427320,Mamdouh,Ramamoorthy,13-01-65,13-01-00,01-01-99,Senior Engineer
427332,Feiyu,Hemaspaandra,20-01-65,04-06-95,01-01-99,Staff
427571,Torsten,Ranta,20-01-65,03-07-95,01-01-99,Engineer
427776,Jaques,Navazio,25-01-65,04-04-89,01-01-99,Senior Staff
427805,Haldun,Compeau,21-01-65,15-10-97,01-01-99,Senior Staff
427823,Jaques,Gecsei,18-01-65,13-07-99,01-01-99,Staff
427852,Adil,Kieras,02-01-65,20-07-92,01-01-99,Senior Engineer
428082,Ronghao,Alpin,09-01-65,11-09-91,01-01-99,Staff
428160,Jamaludin,Kalorkoti,12-01-65,06-09-98,01-01-99,Senior Staff
428195,Hatsukazu,Rosca,11-01-65,02-08-93,01-01-99,Senior Staff
428219,Ghassan,Androutsos,21-01-65,26-12-87,01-01-99,Senior Staff
428917,Theron,Billawala,23-01-65,17-02-89,01-01-99,Assistant Engineer
429087,Hugh,Senzako,27-01-65,15-10-92,01-01-99,Technique Leader
429231,Kazuyasu,Schmiedel,09-01-65,07-09-85,01-01-99,Staff
429238,Mona,Luck,29-01-65,11-05-89,01-01-99,Senior Staff
429249,Alassane,Wolniewicz,28-01-65,09-11-93,01-01-99,Senior Engineer
429316,Seshu,Hiraishi,08-01-65,10-08-94,01-01-99,Staff
429381,Limsoon,Roohalamini,06-01-65,26-11-86,01-01-99,Staff
429481,Subhada,Emmerich,09-01-65,06-03-96,01-01-99,Engineer
429520,Yongqiao,Francisci,06-01-65,01-12-99,01-01-99,Engineer
429532,Bartek,Vendrig,25-01-65,06-06-92,01-01-99,Senior Staff
429569,Fumiya,Chappelet,03-01-65,03-09-92,01-01-99,Assistant Engineer
429703,Ung,Honglei,06-01-65,02-09-86,01-01-99,Senior Staff
429899,Ranan,Marsiglia,30-01-65,13-08-99,01-01-99,Staff
429954,Renny,Gladwell,26-01-65,27-02-99,01-01-99,Staff
430054,Erzsebet,Setiz,22-01-65,10-06-93,01-01-99,Engineer
430558,Xiong,Roisin,07-01-65,01-03-88,01-01-99,Engineer
430593,Janalee,Lanzelotte,19-01-65,01-12-97,01-01-99,Senior Staff
430631,Kersti,Marsiglia,17-01-65,19-02-94,01-01-99,Engineer
430891,Khalil,Gien,06-01-65,06-08-91,01-01-99,Senior Engineer
431576,Masamitsu,Back,06-01-65,12-04-93,01-01-99,Staff
431657,Visit,Thiran,31-01-65,14-11-86,01-01-99,Engineer
431882,Hideo,Varman,21-01-65,19-06-97,01-01-99,Engineer
431887,Poorav,Ranst,05-01-65,01-06-96,01-01-99,Senior Engineer
432031,Adamantios,Matzat,11-01-65,01-03-87,01-01-99,Senior Staff
432034,Arfst,Uehara,24-01-65,10-07-94,01-01-99,Senior Staff
432121,Alair,Straney,06-01-65,15-11-86,01-01-99,Staff
432257,Kwangjo,Hiltgen,20-01-65,22-12-98,01-01-99,Engineer
432261,Arve,Bergere,30-01-65,28-07-87,01-01-99,Senior Engineer
432399,Nitsan,Nollmann,19-01-65,29-09-93,01-01-99,Senior Engineer
432523,Takahiro,Maquelin,21-01-65,21-07-97,01-01-99,Engineer
432665,Flemming,Driscoll,02-01-65,28-05-94,01-01-99,Engineer
432787,Toshiko,Ibel,16-01-65,23-11-96,01-01-99,Senior Engineer
432956,Qunsheng,Birrer,25-01-65,13-05-86,01-01-99,Senior Staff
433059,Bojan,Montresor,02-01-65,04-02-95,01-01-99,Staff
433157,Tomofumi,Serna,16-01-65,23-10-99,01-01-99,Staff
433260,Make,Olivero,01-02-65,01-06-91,01-01-99,Assistant Engineer
433438,Keiichiro,Miyakawa,06-01-65,12-09-93,01-01-99,Senior Staff
434845,Takushi,Skogmar,11-01-65,07-06-85,01-01-99,Staff
434936,Sahrah,Rosis,15-01-65,24-06-94,01-01-99,Engineer
435042,Brigham,Borstler,10-01-65,09-10-95,01-01-99,Staff
435060,Moie,Lieblein,16-01-65,12-07-96,01-01-99,Staff
435181,Kazuhide,Fiutem,16-01-65,10-05-92,01-01-99,Senior Staff
435289,Feixiong,Schurmann,04-01-65,15-02-87,01-01-99,Staff
435305,Berthier,Pramanik,21-01-65,23-01-93,01-01-99,Senior Staff
435370,Conal,Basart,16-01-65,17-05-91,01-01-99,Senior Staff
435588,Genta,Pepe,29-01-65,12-04-94,01-01-99,Senior Staff
435602,Dietrich,Kranzdorf,29-01-65,04-10-92,01-01-99,Senior Staff
435774,Olivera,Bharadwaj,09-01-65,01-04-92,01-01-99,Senior Staff
435791,Hercules,Speer,07-01-65,07-03-94,01-01-99,Engineer
436558,Subir,Greibach,08-01-65,24-05-92,01-01-99,Senior Engineer
436797,Ohad,Henders,24-01-65,03-11-90,01-01-99,Staff
436827,Wojceich,Limongiello,30-01-65,10-03-88,01-01-99,Senior Staff
436915,Feixiong,Haraldson,13-01-65,11-10-98,01-01-99,Staff
437276,Dines,DeMori,17-01-65,07-12-87,01-01-99,Staff
437369,Kazuhide,Biran,01-02-65,25-01-95,01-01-99,Senior Staff
437395,Sumant,Thambidurai,21-01-65,24-08-96,01-01-99,Staff
437724,Erez,Luft,17-01-65,14-12-94,01-01-99,Staff
437870,Kerhong,Lorho,07-01-65,17-03-01,01-01-99,Staff
438038,Lena,Giaccio,01-01-65,03-10-01,01-01-99,Senior Staff
438264,Rasikan,Barreiro,19-01-65,27-09-91,01-01-99,Senior Staff
438557,Lidong,Swist,30-01-65,16-09-99,01-01-99,Engineer
439377,Mari,Plessier,28-01-65,04-07-97,01-01-99,Senior Engineer
439905,Kousuke,Levasseur,03-01-65,16-03-90,01-01-99,Senior Staff
439924,Gunilla,Kisuki,30-01-65,14-08-94,01-01-99,Staff
440325,Douadi,Sullins,10-01-65,25-09-99,01-01-99,Senior Staff
440435,Sandeepan,Rosti,03-01-65,26-11-91,01-01-99,Senior Engineer
440450,Tzvetan,Scharstein,16-01-65,16-06-94,01-01-99,Staff
440642,Snehasis,Kalsbeek,14-01-65,06-01-88,01-01-99,Senior Staff
440870,Filipp,Hasham,01-01-65,14-10-96,01-01-99,Staff
440937,Fabrizio,Usery,18-01-65,13-10-92,01-01-99,Senior Staff
441197,Miquel,Legleitner,18-01-65,28-06-85,01-01-99,Staff
441536,Chinho,Collette,10-01-65,09-10-95,01-01-99,Senior Engineer
441954,Leszek,Marchegay,03-01-65,13-06-99,01-01-99,Engineer
441965,Claudi,Heijenga,12-01-65,30-08-88,01-01-99,Senior Staff
442002,Ravishankar,Baig,03-01-65,17-03-92,01-01-99,Staff
442096,Martijn,DiGiano,15-01-65,15-06-90,01-01-99,Senior Engineer
442312,Zengping,Cusworth,05-01-65,07-06-91,01-01-99,Engineer
442490,Navid,Luke,08-01-65,17-10-94,01-01-99,Engineer
442653,Mona,Hebden,04-01-65,20-10-95,01-01-99,Engineer
442700,Siddarth,Masada,06-01-65,11-08-97,01-01-99,Staff
442898,Aksel,Gire,07-01-65,27-06-99,01-01-99,Engineer
443108,Christfried,Atrawala,14-01-65,29-11-98,01-01-99,Senior Staff
443485,Marke,Klerer,23-01-65,14-04-90,01-01-99,Senior Staff
443841,Shaw,Kading,08-01-65,16-07-92,01-01-99,Senior Staff
443873,Vatsa,Ramsay,20-01-65,16-06-00,01-01-99,Senior Staff
444070,Heping,Skrikant,15-01-65,27-11-90,01-01-99,Senior Staff
444099,Kousuke,Worfolk,28-01-65,22-03-88,01-01-99,Senior Staff
444208,Irena,Cesareni,27-01-65,30-10-85,01-01-99,Senior Staff
444465,Prasadram,Bultermann,13-01-65,25-10-98,01-01-99,Senior Engineer
444487,Udi,Rullman,03-01-65,09-04-94,01-01-99,Senior Engineer
444643,Berna,Schonegge,18-01-65,28-06-98,01-01-99,Staff
445067,Eldridge,Kawashima,28-01-65,27-02-90,01-01-99,Engineer
445152,Heping,Peac,09-01-65,20-03-85,01-01-99,Senior Staff
445226,Oscar,Baumann,01-01-65,22-01-87,01-01-99,Engineer
445570,Van,Nations,25-01-65,11-08-86,01-01-99,Technique Leader
445723,Gaurav,Roison,31-01-65,12-07-91,01-01-99,Senior Staff
445941,Masako,Dechter,11-01-65,25-09-85,01-01-99,Technique Leader
445950,Ebru,Valtorta,23-01-65,09-12-92,01-01-99,Engineer
446121,Fay,Cochrane,11-01-65,13-12-99,01-01-99,Staff
446306,Hercules,Kabayashi,22-01-65,10-06-91,01-01-99,Senior Engineer
446424,DAIDA,Nooteboom,16-01-65,24-11-85,01-01-99,Senior Engineer
446897,Takahiro,Dalton,22-01-65,30-09-92,01-01-99,Technique Leader
446959,Aram,Passino,29-01-65,28-01-95,01-01-99,Senior Engineer
447018,Dannz,Miara,17-01-65,04-12-92,01-01-99,Engineer
447135,Gennady,Rouquie,31-01-65,24-08-89,01-01-99,Senior Staff
447232,Aleksander,Schaaf,22-01-65,10-01-00,01-01-99,Staff
447376,Kirk,Zongker,07-01-65,10-12-99,01-01-99,Staff
447544,Stabislas,Kakkad,22-01-65,19-02-89,01-01-99,Senior Staff
447613,Paris,Restivo,15-01-65,21-11-86,01-01-99,Senior Engineer
447877,Make,Heuser,13-01-65,02-07-88,01-01-99,Engineer
447931,Martijn,Jeong,11-01-65,14-12-90,01-01-99,Senior Staff
447966,Kamakshi,Hebert,05-01-65,17-01-97,01-01-99,Engineer
447982,Shiv,Baezner,25-01-65,17-12-90,01-01-99,Senior Engineer
447999,Shiv,Vilarrasa,05-01-65,01-08-90,01-01-99,Engineer
448769,Mong,Dichev,18-01-65,11-10-97,01-01-99,Technique Leader
448900,Mart,Talmor,16-01-65,11-05-99,01-01-99,Staff
448918,Chiradeep,Arlazarov,23-01-65,06-10-89,01-01-99,Engineer
448994,Haldun,Syang,12-01-65,11-02-97,01-01-99,Staff
449189,Jahangir,Bernatsky,30-01-65,30-09-95,01-01-99,Senior Staff
449815,Fumitaka,Quittner,27-01-65,20-04-88,01-01-99,Staff
449984,Hinrich,Perin,01-02-65,20-11-85,01-01-99,Engineer
450184,Selwyn,Henseler,11-01-65,09-03-93,01-01-99,Senior Engineer
450255,Udo,Waymire,31-01-65,14-06-86,01-01-99,Technique Leader
450309,Gill,Orlowska,08-01-65,25-12-86,01-01-99,Technique Leader
450475,Saeed,Bahl,21-01-65,29-01-91,01-01-99,Senior Staff
450817,DAIDA,Frolund,10-01-65,17-07-87,01-01-99,Senior Engineer
450888,Sedat,Rande,03-01-65,25-03-95,01-01-99,Senior Staff
450934,Chanjung,Raoux,23-01-65,25-05-92,01-01-99,Engineer
450936,Yuriy,Ponthieu,18-01-65,11-12-91,01-01-99,Staff
451253,Jaihie,Ozeri,15-01-65,21-06-91,01-01-99,Senior Staff
451272,Jacopo,Krohm,02-01-65,24-04-91,01-01-99,Engineer
451275,Bedrich,Isard,25-01-65,07-06-86,01-01-99,Senior Staff
451333,Radhika,Bonifati,15-01-65,11-03-95,01-01-99,Senior Staff
452137,Subir,Miake,15-01-65,09-01-99,01-01-99,Senior Engineer
452206,Arra,Esposito,22-01-65,03-11-94,01-01-99,Staff
452325,Taiji,Berstel,14-01-65,02-12-96,01-01-99,Engineer
452347,Shigeichiro,Brattka,07-01-65,13-07-96,01-01-99,Senior Staff
452365,Fei,Gadepally,05-01-65,13-11-88,01-01-99,Engineer
452956,Gou,Thombley,17-01-65,07-11-90,01-01-99,Senior Engineer
452957,Alair,Nanard,03-01-65,10-02-96,01-01-99,Staff
452982,Lobel,Aloia,29-01-65,29-12-94,01-01-99,Senior Staff
453070,Aran,Rosenbaum,06-01-65,25-04-91,01-01-99,Senior Staff
453154,Gao,Lally,03-01-65,01-03-96,01-01-99,Staff
453644,Berni,Takkinen,07-01-65,08-06-92,01-01-99,Senior Staff
453688,Chinya,Leslie,24-01-65,28-10-95,01-01-99,Engineer
453723,Arne,Kohling,15-01-65,13-12-85,01-01-99,Senior Engineer
453760,Ewing,Rajala,13-01-65,21-06-96,01-01-99,Senior Staff
453790,Fai,Keirsey,11-01-65,12-10-94,01-01-99,Engineer
453913,Stein,Perng,23-01-65,29-04-93,01-01-99,Senior Staff
454338,Mohammed,Georg,24-01-65,03-08-98,01-01-99,Engineer
454378,Gina,Ossenbruggen,06-01-65,03-01-98,01-01-99,Technique Leader
454736,Nechama,Ermel,24-01-65,05-06-95,01-01-99,Engineer
454791,Xiaoqiu,Pietracaprina,22-01-65,09-07-94,01-01-99,Senior Engineer
454825,Kamakshi,Schusler,02-01-65,25-05-95,01-01-99,Senior Engineer
454994,Mohan,Picht,01-01-65,24-02-91,01-01-99,Senior Engineer
455175,Soenke,Zaumen,14-01-65,22-02-92,01-01-99,Staff
455284,Luisa,Baig,09-01-65,12-07-96,01-01-99,Engineer
455726,Qiwen,Kriebel,08-01-65,13-12-87,01-01-99,Senior Staff
455814,Giao,DuCasse,28-01-65,19-07-91,01-01-99,Engineer
455914,Peer,Angelopoulos,01-01-65,23-07-89,01-01-99,Engineer
456767,Tetsurou,Schreiter,24-01-65,17-07-87,01-01-99,Staff
456982,Shounak,Dratva,07-01-65,05-01-89,01-01-99,Senior Engineer
457070,Gay,Plavsic,25-01-65,06-08-87,01-01-99,Senior Staff
457146,Jinpo,Heyers,20-01-65,07-01-99,01-01-99,Staff
457305,Sorina,Lakshmanan,15-01-65,03-09-94,01-01-99,Staff
457337,Xumin,Beidas,31-01-65,27-04-95,01-01-99,Technique Leader
457411,Xudong,Peck,13-01-65,18-04-88,01-01-99,Senior Engineer
457489,Berna,Ranst,24-01-65,14-05-85,01-01-99,Engineer
457611,Indrajit,Krogh,09-01-65,18-09-98,01-01-99,Engineer
457776,Florian,Siepmann,15-01-65,21-12-87,01-01-99,Senior Engineer
457813,Foong,Gargeya,28-01-65,24-01-92,01-01-99,Engineer
457832,Jackson,Zielinski,01-02-65,12-09-97,01-01-99,Senior Engineer
457938,Arch,Picco,14-01-65,22-10-97,01-01-99,Staff
458111,Florian,Tramer,23-01-65,07-11-99,01-01-99,Engineer
458134,Thanasis,Standera,11-01-65,20-03-85,01-01-99,Senior Staff
458191,George,Atchley,28-01-65,02-07-97,01-01-99,Staff
458383,Mabhin,Foote,06-01-65,23-04-99,01-01-99,Engineer
458726,Shahaf,Kitai,13-01-65,26-12-86,01-01-99,Senior Staff
458790,Ramya,Azadmanesh,17-01-65,19-11-88,01-01-99,Senior Engineer
459172,Val,Rissanen,19-01-65,20-11-93,01-01-99,Assistant Engineer
459356,Pramod,Wendorf,21-01-65,25-12-98,01-01-99,Engineer
459429,Mohit,Verhaegen,14-01-65,27-05-92,01-01-99,Staff
459685,Hirochika,Goldhammer,01-02-65,12-03-98,01-01-99,Engineer
460131,Adly,Hambrick,16-01-65,25-07-97,01-01-99,Staff
460691,Munehiko,Gihr,16-01-65,06-12-89,01-01-99,Senior Staff
460707,Yoshinari,Lanteri,07-01-65,25-12-96,01-01-99,Engineer
460920,Remzi,Mitzlaff,22-01-65,06-04-86,01-01-99,Senior Staff
461120,Shietung,Gelosh,18-01-65,01-04-01,01-01-99,Engineer
461270,Mrinalini,Mawatari,10-01-65,03-01-96,01-01-99,Staff
461801,Sumali,Cooman,03-01-65,18-04-93,01-01-99,Staff
462493,Paloma,Gerlach,12-01-65,26-07-88,01-01-99,Engineer
462795,Somnath,Cummings,05-01-65,10-07-94,01-01-99,Senior Staff
463023,Itzchak,Penn,06-01-65,21-01-99,01-01-99,Staff
463099,Jinxi,Schmiedel,15-01-65,21-09-90,01-01-99,Senior Staff
463212,Ramya,Rossi,09-01-65,02-09-01,01-01-99,Senior Engineer
463472,Jaber,Sethi,11-01-65,11-06-00,01-01-99,Technique Leader
463495,Alenka,Barriga,28-01-65,06-05-88,01-01-99,Staff
464284,Huiqun,Henders,20-01-65,19-05-93,01-01-99,Senior Staff
464303,Abdelghani,Nyrup,22-01-65,02-08-86,01-01-99,Senior Staff
465062,Stafford,Gist,29-01-65,07-05-88,01-01-99,Engineer
465076,Tokuyasu,Ghelli,19-01-65,05-05-85,01-01-99,Engineer
465085,Vidar,Gunderson,18-01-65,18-03-96,01-01-99,Senior Staff
465409,Shahid,Varman,30-01-65,27-08-85,01-01-99,Senior Staff
465501,Mrinalini,Gire,05-01-65,09-11-92,01-01-99,Senior Staff
465711,Lakshmi,Frijda,06-01-65,21-04-90,01-01-99,Engineer
465853,Kwan,Kampfer,01-01-65,16-10-98,01-01-99,Staff
465874,Herb,Picht,12-01-65,31-05-85,01-01-99,Engineer
466064,Temple,Danlos,31-01-65,13-06-94,01-01-99,Senior Staff
466367,Hiroyasu,Strandh,05-01-65,05-06-89,01-01-99,Staff
466509,Bezalel,Verhoeff,26-01-65,22-03-88,01-01-99,Senior Engineer
466603,Yechezkel,Nourani,23-01-65,01-08-91,01-01-99,Senior Staff
466745,Boalin,Birsak,26-01-65,16-10-95,01-01-99,Senior Staff
467176,Przemyslawa,Borovoy,05-01-65,18-06-93,01-01-99,Senior Staff
467269,Nahum,Lambe,18-01-65,31-08-89,01-01-99,Technique Leader
467392,Mariusz,Rikino,07-01-65,13-04-95,01-01-99,Engineer
467441,Margareta,Bondorf,13-01-65,07-11-88,01-01-99,Engineer
467591,Kiyotoshi,Hennebert,17-01-65,06-03-01,01-01-99,Staff
467886,Sivanarayana,Chandrasekhar,02-01-65,24-01-96,01-01-99,Senior Staff
467918,Tsuneo,Skrikant,03-01-65,21-10-97,01-01-99,Staff
468360,Huei,Saoudi,12-01-65,10-08-94,01-01-99,Technique Leader
468417,Kamakshi,Huhdanpaa,25-01-65,26-08-93,01-01-99,Senior Engineer
468659,Ranga,Lemarechal,18-01-65,05-11-89,01-01-99,Engineer
468773,Baziley,Brookner,27-01-65,22-09-93,01-01-99,Senior Engineer
469104,Nadjib,Comellas,21-01-65,22-01-99,01-01-99,Senior Engineer
469253,Baruch,Basawa,17-01-65,17-09-93,01-01-99,Senior Engineer
469269,Weiyi,Codenie,23-01-65,27-05-89,01-01-99,Engineer
469366,Aiman,Wilfing,12-01-65,30-12-90,01-01-99,Senior Engineer
469399,Hongzhu,Ruemmler,25-01-65,06-06-00,01-01-99,Engineer
469527,Halsur,Ibel,24-01-65,05-03-98,01-01-99,Staff
469529,Neven,Rikino,07-01-65,21-10-88,01-01-99,Senior Engineer
469735,Arif,Stranks,30-01-65,16-11-92,01-01-99,Senior Engineer
469867,Hein,Jonsson,23-01-65,12-02-85,01-01-99,Senior Staff
470456,Reuven,Oehlmann,13-01-65,29-03-86,01-01-99,Senior Staff
470472,Zhiguo,Staudhammer,01-02-65,03-12-85,01-01-99,Senior Engineer
471397,Nigel,Zirintsis,01-02-65,23-07-99,01-01-99,Engineer
471532,Feiyu,Decleir,17-01-65,13-09-98,01-01-99,Technique Leader
471552,Basem,Lortz,22-01-65,25-10-97,01-01-99,Staff
471911,Arun,Zaccaria,14-01-65,31-05-90,01-01-99,Assistant Engineer
471939,Kazuhiko,Marshall,27-01-65,04-06-01,01-01-99,Staff
472052,Godehard,Chinal,26-01-65,09-12-95,01-01-99,Assistant Engineer
472143,Yahiko,Sommen,25-01-65,14-08-96,01-01-99,Senior Staff
472238,Jungsoon,Gubsky,31-01-65,09-10-90,01-01-99,Senior Engineer
472790,Zhenbing,Ibel,23-01-65,29-10-85,01-01-99,Senior Engineer
472950,Weidon,Fordan,29-01-65,27-03-86,01-01-99,Senior Engineer
473268,Hugo,Sgarro,01-01-65,24-04-92,01-01-99,Senior Staff
473299,Khaled,Penn,12-01-65,19-05-92,01-01-99,Staff
473490,Pantung,Reeker,06-01-65,11-05-92,01-01-99,Senior Staff
473940,Avishai,Majewski,16-01-65,10-01-98,01-01-99,Engineer
474331,Sugwoo,Eugenio,29-01-65,02-03-94,01-01-99,Senior Staff
474763,Mayuko,Clouatre,07-01-65,04-09-97,01-01-99,Engineer
474796,Zongyan,Shackel,10-01-65,17-08-87,01-01-99,Technique Leader
475087,Genevieve,Snedden,31-01-65,21-10-88,01-01-99,Senior Engineer
475258,Fumiyo,Feinberg,10-01-65,12-02-00,01-01-99,Staff
475538,Christophe,Leaver,15-01-65,31-10-98,01-01-99,Staff
475938,Shigeaki,Lanteri,14-01-65,17-02-89,01-01-99,Engineer
475965,Rimon,Pietracaprina,02-01-65,10-07-85,01-01-99,Senior Engineer
476055,Girolamo,Schlumberger,03-01-65,07-03-93,01-01-99,Senior Staff
476122,Khun,Spieker,04-01-65,07-05-95,01-01-99,Engineer
476327,Reinhold,Binkley,31-01-65,29-05-95,01-01-99,Engineer
476361,Doohun,Preusig,09-01-65,28-04-93,01-01-99,Technique Leader
477350,Terresa,Vigier,01-01-65,08-07-98,01-01-99,Staff
477578,Marit,Paludetto,23-01-65,30-09-90,01-01-99,Engineer
477969,Bluma,Mundy,18-01-65,18-10-91,01-01-99,Senior Engineer
478007,Fumino,Narahara,06-01-65,21-09-91,01-01-99,Engineer
478170,Doowon,Schoegge,22-01-65,13-04-95,01-01-99,Assistant Engineer
478218,Djenana,Erol,02-01-65,03-12-99,01-01-99,Engineer
478439,Yuichiro,Bale,15-01-65,04-11-97,01-01-99,Technique Leader
478768,Arun,Katzenelson,03-01-65,28-10-91,01-01-99,Engineer
478799,Shaw,Borovoy,18-01-65,11-05-91,01-01-99,Senior Staff
478833,Pradeep,Valiente,30-01-65,19-09-92,01-01-99,Senior Engineer
478858,Hidekazu,Perna,20-01-65,08-11-99,01-01-99,Staff
479024,Ewing,Kalorkoti,03-01-65,21-12-96,01-01-99,Engineer
479407,Randi,Tomescu,18-01-65,25-11-86,01-01-99,Assistant Engineer
479601,Kayoko,Bahi,19-01-65,19-02-97,01-01-99,Staff
479695,Masamitsu,Murrill,06-01-65,23-06-99,01-01-99,Senior Staff
480035,Sukumar,Georg,26-01-65,26-08-90,01-01-99,Senior Staff
480066,Suebskul,Menhardt,31-01-65,26-07-94,01-01-99,Engineer
480178,Uinam,Rahier,03-01-65,10-02-91,01-01-99,Senior Staff
480268,Gaurav,Cheshire,18-01-65,30-03-89,01-01-99,Technique Leader
480407,Deniz,Bennis,01-01-65,24-06-89,01-01-99,Senior Engineer
481050,Weiru,Burnard,16-01-65,15-10-90,01-01-99,Senior Staff
481213,Shigehiro,Haldar,08-01-65,14-12-91,01-01-99,Senior Staff
481397,Luisa,Chelton,31-01-65,13-08-98,01-01-99,Assistant Engineer
481764,Teiji,Marrakchi,27-01-65,26-08-86,01-01-99,Senior Engineer
481790,Haldun,Erie,22-01-65,01-01-99,01-01-99,Senior Engineer
482335,Kwangyoen,Peck,26-01-65,16-01-94,01-01-99,Engineer
482354,Jayson,Zockler,23-01-65,06-11-99,01-01-99,Staff
482755,Jouni,Conia,03-01-65,31-10-94,01-01-99,Senior Staff
482885,Shaunak,Brizzi,29-01-65,02-09-88,01-01-99,Engineer
482905,Aral,Hebden,16-01-65,10-09-91,01-01-99,Senior Staff
482944,Duke,Journel,26-01-65,26-10-91,01-01-99,Senior Staff
483401,Rosita,Pokrovskii,10-01-65,03-08-96,01-01-99,Senior Staff
483675,Hausi,Kamber,22-01-65,16-02-88,01-01-99,Senior Engineer
483825,Marek,Mitchem,22-01-65,20-11-92,01-01-99,Senior Engineer
483838,Sham,Kavanagh,03-01-65,18-12-97,01-01-99,Assistant Engineer
483978,Dung,Tanemo,24-01-65,28-01-90,01-01-99,Senior Staff
484126,Manton,Lueh,05-01-65,07-04-89,01-01-99,Senior Staff
484142,Perry,Cooman,05-01-65,23-04-87,01-01-99,Staff
484498,Herbert,Hammerschmidt,26-01-65,22-08-96,01-01-99,Senior Engineer
484756,Phule,Ruemmler,16-01-65,09-08-90,01-01-99,Senior Engineer
485253,Gladys,Parhami,14-01-65,20-07-96,01-01-99,Senior Staff
485489,Keiichiro,Armand,01-01-65,14-12-86,01-01-99,Senior Engineer
485577,Rafael,Menhoudj,30-01-65,27-04-97,01-01-99,Senior Engineer
485579,Munehiro,Iwayama,18-01-65,16-12-86,01-01-99,Engineer
485799,Yoshimitsu,Litvinov,27-01-65,22-11-97,01-01-99,Senior Staff
485817,Mahmut,Bolotov,29-01-65,21-02-97,01-01-99,Engineer
486068,Yefim,Bernardeschi,11-01-65,26-06-96,01-01-99,Senior Staff
486808,Geoffrey,Siochi,05-01-65,27-12-98,01-01-99,Senior Engineer
486918,Yagil,Remmers,18-01-65,01-11-94,01-01-99,Senior Staff
486956,Matt,Ruemmler,01-01-65,14-10-93,01-01-99,Engineer
486958,Tonny,Kropf,06-01-65,30-07-86,01-01-99,Senior Engineer
487008,Zhigen,Raney,22-01-65,26-05-93,01-01-99,Senior Staff
487505,Uno,Jayawardene,20-01-65,02-11-87,01-01-99,Senior Staff
487988,Ekawit,Schaft,05-01-65,20-05-90,01-01-99,Staff
488095,Francoise,Hegner,24-01-65,23-12-97,01-01-99,Senior Staff
488142,Denis,Narlikar,05-01-65,01-07-91,01-01-99,Senior Staff
488482,Kensyu,Tsunoo,30-01-65,05-12-99,01-01-99,Engineer
488540,Breannda,Maquelin,22-01-65,12-04-96,01-01-99,Senior Staff
488619,Georgy,Bennis,25-01-65,11-04-98,01-01-99,Engineer
488693,Jiong,Zultner,27-01-65,10-03-93,01-01-99,Senior Engineer
488707,Mihalis,Remmers,16-01-65,01-03-90,01-01-99,Staff
488752,Nimmagadda,Baja,23-01-65,09-02-94,01-01-99,Senior Staff
488788,Wuxu,Garigliano,12-01-65,21-09-90,01-01-99,Senior Staff
488984,Kendra,Junet,18-01-65,12-11-92,01-01-99,Staff
489755,Matk,Chorvat,14-01-65,04-12-99,01-01-99,Senior Staff
489756,Kersti,Miculan,01-01-65,09-06-92,01-01-99,Senior Staff
489928,Satoru,Janetzko,28-01-65,26-07-97,01-01-99,Assistant Engineer
490551,Lalit,Lindqvist,01-01-65,07-11-98,01-01-99,Engineer
490557,Luise,Vigier,27-01-65,01-07-94,01-01-99,Engineer
490568,Zita,Reistad,01-01-65,23-07-98,01-01-99,Senior Engineer
490720,Younwoo,Samarati,19-01-65,18-05-02,01-01-99,Senior Engineer
491079,Kwangsub,Keirsey,06-01-65,04-02-92,01-01-99,Senior Engineer
491162,Panayotis,Hempstead,14-01-65,29-08-94,01-01-99,Senior Engineer
491478,Gill,Varman,16-01-65,18-06-88,01-01-99,Senior Staff
491596,Charmane,Pargas,21-01-65,03-08-92,01-01-99,Engineer
491632,Gadiel,Perly,01-01-65,20-10-86,01-01-99,Senior Staff
492000,Valeska,Cools,10-01-65,16-12-93,01-01-99,Senior Staff
492052,Udo,Ratnakar,11-01-65,30-11-99,01-01-99,Staff
492217,Heekeun,Verhaegen,16-01-65,28-09-91,01-01-99,Senior Engineer
492639,Sanjoy,Porenta,30-01-65,10-07-97,01-01-99,Engineer
492677,Goetz,McAffer,26-01-65,05-02-88,01-01-99,Engineer
493031,Hironoby,Jakobus,23-01-65,30-07-91,01-01-99,Staff
493048,Muzhong,Berztiss,31-01-65,23-01-95,01-01-99,Senior Staff
493096,Sachem,Msuda,31-01-65,07-04-95,01-01-99,Engineer
493744,Leni,Kropatsch,14-01-65,17-07-97,01-01-99,Senior Engineer
494019,Morrie,Iisaku,16-01-65,06-05-91,01-01-99,Senior Staff
494088,Phule,Dahlbom,10-01-65,06-02-89,01-01-99,Engineer
494493,Masasuke,Koprowski,10-01-65,20-11-96,01-01-99,Staff
494995,Yongmao,Pouyioutas,04-01-65,24-08-89,01-01-99,Senior Staff
496100,Pranjal,Reinhard,07-01-65,08-05-95,01-01-99,Staff
496970,Giordano,Maquelin,03-01-65,31-12-99,01-01-99,Senior Engineer
496978,Danco,Debuse,30-01-65,10-09-93,01-01-99,Senior Staff
497007,Oldrich,Adachi,23-01-65,09-08-98,01-01-99,Engineer
497174,Sanjiv,Bressoud,02-01-65,27-04-93,01-01-99,Engineer
497340,Fayez,Keohane,06-01-65,19-09-90,01-01-99,Senior Staff
497391,Paris,Lieblein,30-01-65,19-05-99,01-01-99,Engineer
497835,Shuho,Laurillard,29-01-65,06-10-99,01-01-99,Technique Leader
498185,Caolyn,Marciano,19-01-65,06-06-99,01-01-99,Senior Engineer
498337,Naraig,Docker,30-01-65,17-05-97,01-01-99,Staff
498456,Geraldo,Gerteisen,17-01-65,05-06-87,01-01-99,Senior Staff
498635,Florian,Pezzoli,09-01-65,22-07-88,01-01-99,Senior Staff
498838,Sanjay,Ciolek,16-01-65,13-12-89,01-01-99,Staff
498845,Arumugam,Pelc,09-01-65,13-11-99,01-01-99,Senior Engineer
498955,Nechama,Kandlur,13-01-65,16-01-95,01-01-99,Engineer
499194,Padma,Delgrange,29-01-65,27-08-99,01-01-99,Senior Staff
499260,Danae,Honglei,11-01-65,14-09-98,01-01-99,Engineer
499495,Baoqiu,Kakkar,14-01-65,30-08-99,01-01-99,Engineer
